check,block,class_code,var,pdf_page,class_label,detail
unparseable,RA01,19,sup,44,"10,01 - 12,50","bad format '1..590,48'"
unparseable,RA01,31,sup,44,"250,01 - 500,00","bad format '1.78,7,23'"
unparseable,RA02,5,sup,44,"0,31 - 0,40","bad format '4,151,96'"
unparseable,RA02,30,sup,44,"200,01 - 250,00","bad format '3.246,001.355,88'"
unparseable,RA02,34,sup,44,oltre 2.500,"bad format '37.956,\2'"
unparseable,RA05,2,sup,46,"fino a 0,10",bad format '1'
unparseable,RA05,4,sup,46,"0,21 - 0,30",bad format '2'
unparseable,RA05,5,sup,46,"0,31 - 0,40",bad format '9'
unparseable,RA05,7,sup,46,"0,51 - 0,75",bad format '87'
unparseable,RA05,9,sup,46,"1,01 - 1,50",bad format '12M1'
unparseable,RA05,10,az,46,"1,51 - 2,00",bad format '94.'
unparseable,RA05,10,sup,46,"1,51 - 2,00","bad format '6,5'"
unparseable,RA05,11,sup,46,"2,01 - 2,50",bad format '11'
unparseable,RA05,12,az,46,"2,51 - 3,00",bad format '74.'
unparseable,RA05,12,sup,46,"2,51 - 3,00","bad format '203,,1'"
unparseable,RA05,13,sup,46,"3,01 - 3,50",bad format '1111'
unparseable,RA05,14,sup,46,"3,51 - 4,00","bad format '26ft,115'"
unparseable,RA05,15,sup,46,"4,01 - 4,50","bad format '13*,~9'"
unparseable,RA05,16,sup,46,"4,51 - 5,00","bad format '301,,&(1'"
unparseable,RA05,19,az,46,"10,01 - 12,50",bad format '6425..'
unparseable,RA06,9,sup,46,"1,01 - 1,50","bad format '1495,$3j)61,18'"
unparseable,RA06,11,sup,46,"2,01 - 2,50","bad format '1.~5,,60'"
unparseable,RA06,12,sup,46,"2,51 - 3,00","bad format '1.,498,69'"
unparseable,RA06,14,sup,46,"3,51 - 4,00","bad format '1.501,~L081,29'"
unparseable,RA06,15,sup,46,"4,01 - 4,50","bad format '1.696,,96'"
unparseable,RA08,11,sup,47,"2,01 - 2,50","bad format '2~6,98'"
unparseable,RA08,18,sup,47,"7,51 - 10,00","bad format '2.61\7,61'"
unparseable,RA09,23,sup,48,"25,01 - 30,00","bad format '3,25,02'"
unparseable,RA09,24,sup,48,"30,01 - 40,00","bad format '796,,60'"
unparseable,RA09,35,sup,48,TOTALE,"bad format '24,59.8,36'"
unparseable,RA10,5,sup,48,"0,31 - 0,40","bad format '12&,83'"
unparseable,RA10,9,sup,48,"1,01 - 1,50","bad format '1.082.,63'"
unparseable,RA10,11,sup,48,"2,01 - 2,50","bad format '1.923,,57'"
unparseable,RA13,21,az,50,"15,01 - 20,00",bad format '1512'
unparseable,RA13,22,az,50,"20,01 - 25,00",bad format '.43'
unparseable,RA15,16,sup,51,"4,51 - 5,00","bad format '1.13,1,60'"
unparseable,RA15,17,sup,51,"5,01 - 7,50","bad format '4673,75'"
unparseable,RA15,35,az,51,TOTALE,bad format '6314'
unparseable,RA16,7,sup,51,"0,51 - 0,75",bad format '25'
unparseable,RA16,8,sup,51,"0,76 - 1,00","bad format '329,8'"
unparseable,RA16,9,sup,51,"1,01 - 1,50","bad format '50~,98'"
unparseable,RA16,24,sup,51,"30,01 - 40,00","bad format '1,417,64'"
unparseable,RA17,15,sup,52,"4,01 - 4,50","bad format '1.23,7,.7'"
unparseable,RA17,16,sup,52,"4,51 - 5,00","bad format '2.262,711'"
unparseable,RA17,19,sup,52,"10,01 - 12,50","bad format '4,658,39'"
unparseable,RA17,35,az,52,TOTALE,bad format '8.'
unparseable,TAV1,7,sup,13,"0,51 - 0,75","bad format '1524,19'"
unparseable,TAV1,8,sup,13,"0,76 - 1,00","bad format '3288,71'"
unparseable,TAV1,22,az,13,"20,01 - 25,00",bad format '1062'
sum classes ≠ TOTALE,RA01,35,az,44,TOTALE,"sum of classes 3,695.00 vs TOTALE 4,823.00"
sum classes ≠ TOTALE,RA01,35,sup,44,TOTALE,"sum of classes 44,744.20 vs TOTALE 52,627.99"
sum classes ≠ TOTALE,RA02,35,az,44,TOTALE,"sum of classes 2,868.00 vs TOTALE 0.00"
sum classes ≠ TOTALE,RA02,35,sup,44,TOTALE,"sum of classes 32,348.13 vs TOTALE 0.00"
sum classes ≠ TOTALE,RA03,35,az,45,TOTALE,"sum of classes 2,900.00 vs TOTALE 2,995.00"
sum classes ≠ TOTALE,RA03,35,sup,45,TOTALE,"sum of classes 20,315.17 vs TOTALE 22,543.28"
sum classes ≠ TOTALE,RA04,35,az,45,TOTALE,"sum of classes 1,679.00 vs TOTALE 1,668.00"
sum classes ≠ TOTALE,RA04,35,sup,45,TOTALE,"sum of classes 43,770.53 vs TOTALE 45,272.66"
sum classes ≠ TOTALE,RA05,35,az,46,TOTALE,"sum of classes 1,009.00 vs TOTALE 1,268.00"
sum classes ≠ TOTALE,RA05,35,sup,46,TOTALE,sum of classes 51.99 vs TOTALE 0.00
sum classes ≠ TOTALE,RA06,35,az,46,TOTALE,"sum of classes 3,600.00 vs TOTALE 8,418.00"
sum classes ≠ TOTALE,RA06,35,sup,46,TOTALE,"sum of classes 4,926.58 vs TOTALE 0.00"
sum classes ≠ TOTALE,RA07,35,az,47,TOTALE,"sum of classes 4,250.00 vs TOTALE 4,264.00"
sum classes ≠ TOTALE,RA07,35,sup,47,TOTALE,"sum of classes 43,196.04 vs TOTALE 43,857.83"
sum classes ≠ TOTALE,RA08,35,az,47,TOTALE,"sum of classes 2,596.00 vs TOTALE 2,603.00"
sum classes ≠ TOTALE,RA08,35,sup,47,TOTALE,"sum of classes 20,748.86 vs TOTALE 25,028.60"
sum classes ≠ TOTALE,RA09,35,az,48,TOTALE,"sum of classes 5,495.00 vs TOTALE 5,497.00"
sum classes ≠ TOTALE,RA09,35,sup,48,TOTALE,"sum of classes 19,669.71 vs TOTALE nan"
sum classes ≠ TOTALE,RA10,35,az,48,TOTALE,"sum of classes 9,184.00 vs TOTALE 9,185.00"
sum classes ≠ TOTALE,RA10,35,sup,48,TOTALE,"sum of classes 26,400.88 vs TOTALE 0.00"
sum classes ≠ TOTALE,RA11,35,az,49,TOTALE,"sum of classes 7,262.00 vs TOTALE 0.00"
sum classes ≠ TOTALE,RA11,35,sup,49,TOTALE,"sum of classes 29,741.81 vs TOTALE 0.00"
sum classes ≠ TOTALE,RA12,35,az,49,TOTALE,"sum of classes 3,817.00 vs TOTALE 0.00"
sum classes ≠ TOTALE,RA12,35,sup,49,TOTALE,"sum of classes 25,996.50 vs TOTALE 0.00"
sum classes ≠ TOTALE,RA13,35,az,50,TOTALE,"sum of classes 2,030.00 vs TOTALE 8.00"
sum classes ≠ TOTALE,RA14,35,az,50,TOTALE,"sum of classes 2,785.00 vs TOTALE 0.00"
sum classes ≠ TOTALE,RA15,35,az,51,TOTALE,"sum of classes 6,044.00 vs TOTALE nan"
sum classes ≠ TOTALE,RA15,35,sup,51,TOTALE,"sum of classes 46,700.16 vs TOTALE 58,388.83"
sum classes ≠ TOTALE,RA16,35,az,51,TOTALE,"sum of classes 6,446.00 vs TOTALE 6,455.00"
sum classes ≠ TOTALE,RA16,35,sup,51,TOTALE,"sum of classes 28,829.70 vs TOTALE 31,523.77"
sum classes ≠ TOTALE,RA17,35,az,52,TOTALE,"sum of classes 8,086.00 vs TOTALE nan"
sum classes ≠ TOTALE,RA17,35,sup,52,TOTALE,"sum of classes 36,355.68 vs TOTALE 0.00"
sum classes ≠ TOTALE,TAV1,35,az,13,TOTALE,"sum of classes 81,470.00 vs TOTALE 0.00"
sum classes ≠ TOTALE,TAV1,35,sup,13,TOTALE,"sum of classes 601,103.51 vs TOTALE 0.00"
sum RA ≠ Tav. 1,TAV1,2,az,13,"fino a 0,10",sum of RAs 537.00 vs Tav. 1 599.00
sum RA ≠ Tav. 1,TAV1,2,sup,13,"fino a 0,10",sum of RAs 23.16 vs Tav. 1 46.81
sum RA ≠ Tav. 1,TAV1,3,az,13,"0,11 - 0,20","sum of RAs 1,488.00 vs Tav. 1 1,663.00"
sum RA ≠ Tav. 1,TAV1,3,sup,13,"0,11 - 0,20",sum of RAs 200.46 vs Tav. 1 284.84
sum RA ≠ Tav. 1,TAV1,4,az,13,"0,21 - 0,30","sum of RAs 1,156.00 vs Tav. 1 1,167.00"
sum RA ≠ Tav. 1,TAV1,4,sup,13,"0,21 - 0,30",sum of RAs 236.53 vs Tav. 1 308.27
sum RA ≠ Tav. 1,TAV1,5,az,13,"0,31 - 0,40","sum of RAs 2,019.00 vs Tav. 1 2,135.00"
sum RA ≠ Tav. 1,TAV1,5,sup,13,"0,31 - 0,40",sum of RAs 480.15 vs Tav. 1 796.97
sum RA ≠ Tav. 1,TAV1,6,az,13,"0,41 - 0,50",sum of RAs 923.00 vs Tav. 1 988.00
sum RA ≠ Tav. 1,TAV1,6,sup,13,"0,41 - 0,50",sum of RAs 369.86 vs Tav. 1 458.34
sum RA ≠ Tav. 1,TAV1,7,az,13,"0,51 - 0,75","sum of RAs 2,330.00 vs Tav. 1 2,480.00"
sum RA ≠ Tav. 1,TAV1,7,sup,13,"0,51 - 0,75","sum of RAs 1,207.19 vs Tav. 1 nan"
sum RA ≠ Tav. 1,TAV1,8,az,13,"0,76 - 1,00","sum of RAs 3,727.00 vs Tav. 1 3,869.00"
sum RA ≠ Tav. 1,TAV1,8,sup,13,"0,76 - 1,00","sum of RAs 2,618.94 vs Tav. 1 nan"
sum RA ≠ Tav. 1,TAV1,9,az,13,"1,01 - 1,50","sum of RAs 4,757.00 vs Tav. 1 5,277.00"
sum RA ≠ Tav. 1,TAV1,9,sup,13,"1,01 - 1,50","sum of RAs 3,563.80 vs Tav. 1 6,537.97"
sum RA ≠ Tav. 1,TAV1,10,az,13,"1,51 - 2,00","sum of RAs 4,983.00 vs Tav. 1 6,505.00"
sum RA ≠ Tav. 1,TAV1,10,sup,13,"1,51 - 2,00","sum of RAs 8,607.02 vs Tav. 1 11,350.99"
sum RA ≠ Tav. 1,TAV1,11,az,13,"2,01 - 2,50","sum of RAs 4,764.00 vs Tav. 1 5,369.00"
sum RA ≠ Tav. 1,TAV1,11,sup,13,"2,01 - 2,50","sum of RAs 7,475.38 vs Tav. 1 12,217.66"
sum RA ≠ Tav. 1,TAV1,12,az,13,"2,51 - 3,00","sum of RAs 4,104.00 vs Tav. 1 4,779.00"
sum RA ≠ Tav. 1,TAV1,12,sup,13,"2,51 - 3,00","sum of RAs 10,039.49 vs Tav. 1 13,147.61"
sum RA ≠ Tav. 1,TAV1,13,az,13,"3,01 - 3,50","sum of RAs 4,810.00 vs Tav. 1 5,621.00"
sum RA ≠ Tav. 1,TAV1,13,sup,13,"3,01 - 3,50","sum of RAs 14,100.31 vs Tav. 1 18,248.15"
sum RA ≠ Tav. 1,TAV1,14,az,13,"3,51 - 4,00","sum of RAs 3,825.00 vs Tav. 1 4,571.00"
sum RA ≠ Tav. 1,TAV1,14,sup,13,"3,51 - 4,00","sum of RAs 13,280.63 vs Tav. 1 17,332.00"
sum RA ≠ Tav. 1,TAV1,15,az,13,"4,01 - 4,50","sum of RAs 2,599.00 vs Tav. 1 3,234.00"
sum RA ≠ Tav. 1,TAV1,15,sup,13,"4,01 - 4,50","sum of RAs 9,715.85 vs Tav. 1 13,726.45"
sum RA ≠ Tav. 1,TAV1,16,az,13,"4,51 - 5,00","sum of RAs 3,862.00 vs Tav. 1 4,434.00"
sum RA ≠ Tav. 1,TAV1,16,sup,13,"4,51 - 5,00","sum of RAs 18,050.93 vs Tav. 1 21,047.87"
sum RA ≠ Tav. 1,TAV1,17,az,13,"5,01 - 7,50","sum of RAs 10,469.00 vs Tav. 1 12,004.00"
sum RA ≠ Tav. 1,TAV1,17,sup,13,"5,01 - 7,50","sum of RAs 50,309.69 vs Tav. 1 73,759.25"
sum RA ≠ Tav. 1,TAV1,18,az,13,"7,51 - 10,00","sum of RAs 6,344.00 vs Tav. 1 6,977.00"
sum RA ≠ Tav. 1,TAV1,18,sup,13,"7,51 - 10,00","sum of RAs 42,433.13 vs Tav. 1 60,082.59"
sum RA ≠ Tav. 1,TAV1,19,az,13,"10,01 - 12,50","sum of RAs 3,198.00 vs Tav. 1 3,459.00"
sum RA ≠ Tav. 1,TAV1,19,sup,13,"10,01 - 12,50","sum of RAs 24,999.79 vs Tav. 1 38,604.39"
sum RA ≠ Tav. 1,TAV1,20,az,13,"12,51 - 15,00","sum of RAs 1,966.00 vs Tav. 1 2,081.00"
sum RA ≠ Tav. 1,TAV1,20,sup,13,"12,51 - 15,00","sum of RAs 23,168.07 vs Tav. 1 28,405.11"
sum RA ≠ Tav. 1,TAV1,21,az,13,"15,01 - 20,00","sum of RAs 2,065.00 vs Tav. 1 2,431.00"
sum RA ≠ Tav. 1,TAV1,21,sup,13,"15,01 - 20,00","sum of RAs 32,779.93 vs Tav. 1 41,591.29"
sum RA ≠ Tav. 1,TAV1,22,az,13,"20,01 - 25,00",sum of RAs 934.00 vs Tav. 1 nan
sum RA ≠ Tav. 1,TAV1,22,sup,13,"20,01 - 25,00","sum of RAs 19,780.68 vs Tav. 1 23,612.32"
sum RA ≠ Tav. 1,TAV1,23,az,13,"25,01 - 30,00",sum of RAs 561.00 vs Tav. 1 565.00
sum RA ≠ Tav. 1,TAV1,23,sup,13,"25,01 - 30,00","sum of RAs 10,833.20 vs Tav. 1 15,359.48"
sum RA ≠ Tav. 1,TAV1,24,az,13,"30,01 - 40,00",sum of RAs 335.00 vs Tav. 1 540.00
sum RA ≠ Tav. 1,TAV1,24,sup,13,"30,01 - 40,00","sum of RAs 10,424.24 vs Tav. 1 18,277.37"
sum RA ≠ Tav. 1,TAV1,25,az,13,"40,01 - 50,00",sum of RAs 97.00 vs Tav. 1 172.00
sum RA ≠ Tav. 1,TAV1,25,sup,13,"40,01 - 50,00","sum of RAs 2,846.36 vs Tav. 1 7,601.51"
sum RA ≠ Tav. 1,TAV1,26,az,13,"50,01 - 75,00",sum of RAs 53.00 vs Tav. 1 120.00
sum RA ≠ Tav. 1,TAV1,26,sup,13,"50,01 - 75,00","sum of RAs 2,478.52 vs Tav. 1 7,141.93"
sum RA ≠ Tav. 1,TAV1,27,az,13,"75,01 - 100,00",sum of RAs 27.00 vs Tav. 1 35.00
sum RA ≠ Tav. 1,TAV1,27,sup,13,"75,01 - 100,00","sum of RAs 2,387.72 vs Tav. 1 2,941.27"
sum RA ≠ Tav. 1,TAV1,28,az,13,"100,01 - 150,00",sum of RAs 10.00 vs Tav. 1 31.00
sum RA ≠ Tav. 1,TAV1,28,sup,13,"100,01 - 150,00","sum of RAs 1,866.79 vs Tav. 1 3,755.65"
sum RA ≠ Tav. 1,TAV1,29,az,13,"150,01 - 200,00",sum of RAs 1.00 vs Tav. 1 7.00
sum RA ≠ Tav. 1,TAV1,29,sup,13,"150,01 - 200,00","sum of RAs 1,453.88 vs Tav. 1 1,201.33"
sum RA ≠ Tav. 1,TAV1,30,az,13,"200,01 - 250,00",sum of RAs 28.00 vs Tav. 1 9.00
sum RA ≠ Tav. 1,TAV1,30,sup,13,"200,01 - 250,00","sum of RAs 7,781.26 vs Tav. 1 1,950.94"
sum RA ≠ Tav. 1,TAV1,31,az,13,"250,01 - 500,00",sum of RAs 17.00 vs Tav. 1 34.00
sum RA ≠ Tav. 1,TAV1,31,sup,13,"250,01 - 500,00","sum of RAs 19,963.20 vs Tav. 1 12,620.67"
sum RA ≠ Tav. 1,TAV1,32,az,13,"500,01 - 1.000,00",sum of RAs 23.00 vs Tav. 1 25.00
sum RA ≠ Tav. 1,TAV1,32,sup,13,"500,01 - 1.000,00","sum of RAs 35,212.52 vs Tav. 1 19,392.57"
sum RA ≠ Tav. 1,TAV1,33,az,13,"1.000,01 - 2.500,00",sum of RAs 48.00 vs Tav. 1 31.00
sum RA ≠ Tav. 1,TAV1,33,sup,13,"1.000,01 - 2.500,00","sum of RAs 45,107.26 vs Tav. 1 48,828.23"
sum RA ≠ Tav. 1,TAV1,34,az,13,oltre 2.500,"sum of RAs 1,447.00 vs Tav. 1 19.00"
sum RA ≠ Tav. 1,TAV1,34,sup,13,oltre 2.500,"sum of RAs 0.00 vs Tav. 1 80,473.68"
sum RA ≠ Tav. 1,TAV1,35,az,13,TOTALE,"sum of RAs 47,184.00 vs Tav. 1 0.00"
sum RA ≠ Tav. 1,TAV1,35,sup,13,TOTALE,"sum of RAs 279,242.96 vs Tav. 1 0.00"
zero mismatch,RA01,17,az/sup,44,"5,01 - 7,50",az 0.0 sup 3338.85
mean outside class,RA01,18,az/sup,44,"7,51 - 10,00","2,026.20 ha / 183.0 = 11.072 ha, class 7.51–10.0"
mean outside class,RA01,20,az/sup,44,"12,51 - 15,00","1,707.43 ha / 99.0 = 17.247 ha, class 12.51–15.0"
mean outside class,RA01,21,az/sup,44,"15,01 - 20,00","572.01 ha / 26.0 = 22.000 ha, class 15.01–20.0"
mean outside class,RA01,22,az/sup,44,"20,01 - 25,00","332.43 ha / 12.0 = 27.703 ha, class 20.01–25.0"
mean outside class,RA01,23,az/sup,44,"25,01 - 30,00","403.57 ha / 12.0 = 33.631 ha, class 25.01–30.0"
mean outside class,RA01,24,az/sup,44,"30,01 - 40,00","124.48 ha / 3.0 = 41.493 ha, class 30.01–40.0"
mean outside class,RA01,25,az/sup,44,"40,01 - 50,00","126.00 ha / 2.0 = 63.000 ha, class 40.01–50.0"
mean outside class,RA01,26,az/sup,44,"50,01 - 75,00","162.83 ha / 2.0 = 81.415 ha, class 50.01–75.0"
mean outside class,RA01,27,az/sup,44,"75,01 - 100,00","251.60 ha / 2.0 = 125.800 ha, class 75.01–100.0"
zero mismatch,RA01,29,az/sup,44,"150,01 - 200,00",az 0.0 sup 205.0
mean outside class,RA01,30,az/sup,44,"200,01 - 250,00","2,923.76 ha / 8.0 = 365.470 ha, class 200.01–250.0"
mean outside class,RA01,32,az/sup,44,"500,01 - 1.000,00","11,871.26 ha / 8.0 = 1483.908 ha, class 500.01–1000.0"
mean outside class,RA01,33,az/sup,44,"1.000,01 - 2.500,00","12,622.00 ha / 4.0 = 3155.500 ha, class 1000.01–2500.0"
mean outside class,RA02,6,az/sup,44,"0,41 - 0,50","3.99 ha / 4.0 = 0.998 ha, class 0.41–0.5"
mean outside class,RA02,7,az/sup,44,"0,51 - 0,75","24.43 ha / 6.0 = 4.072 ha, class 0.51–0.75"
mean outside class,RA02,8,az/sup,44,"0,76 - 1,00","62.26 ha / 50.0 = 1.245 ha, class 0.76–1.0"
mean outside class,RA02,9,az/sup,44,"1,01 - 1,50","155.12 ha / 85.0 = 1.825 ha, class 1.01–1.5"
mean outside class,RA02,10,az/sup,44,"1,51 - 2,00","199.07 ha / 87.0 = 2.288 ha, class 1.51–2.0"
mean outside class,RA02,11,az/sup,44,"2,01 - 2,50","276.34 ha / 96.0 = 2.879 ha, class 2.01–2.5"
mean outside class,RA02,12,az/sup,44,"2,51 - 3,00","160.27 ha / 49.0 = 3.271 ha, class 2.51–3.0"
mean outside class,RA02,13,az/sup,44,"3,01 - 3,50","334.43 ha / 86.0 = 3.889 ha, class 3.01–3.5"
mean outside class,RA02,14,az/sup,44,"3,51 - 4,00","195.59 ha / 46.0 = 4.252 ha, class 3.51–4.0"
mean outside class,RA02,15,az/sup,44,"4,01 - 4,50","400.91 ha / 82.0 = 4.889 ha, class 4.01–4.5"
mean outside class,RA02,16,az/sup,44,"4,51 - 5,00","1,451.64 ha / 232.0 = 6.257 ha, class 4.51–5.0"
mean outside class,RA02,17,az/sup,44,"5,01 - 7,50","462.28 ha / 167.0 = 2.768 ha, class 5.01–7.5"
mean outside class,RA02,18,az/sup,44,"7,51 - 10,00","956.22 ha / 85.0 = 11.250 ha, class 7.51–10.0"
mean outside class,RA02,19,az/sup,44,"10,01 - 12,50","936.22 ha / 68.0 = 13.768 ha, class 10.01–12.5"
mean outside class,RA02,20,az/sup,44,"12,51 - 15,00","1,709.73 ha / 98.0 = 17.446 ha, class 12.51–15.0"
mean outside class,RA02,21,az/sup,44,"15,01 - 20,00","1,125.72 ha / 50.0 = 22.514 ha, class 15.01–20.0"
mean outside class,RA02,22,az/sup,44,"20,01 - 25,00","710.13 ha / 26.0 = 27.313 ha, class 20.01–25.0"
mean outside class,RA02,23,az/sup,44,"25,01 - 30,00","1,075.94 ha / 32.0 = 33.623 ha, class 25.01–30.0"
mean outside class,RA02,24,az/sup,44,"30,01 - 40,00","719.04 ha / 16.0 = 44.940 ha, class 30.01–40.0"
mean outside class,RA02,25,az/sup,44,"40,01 - 50,00","677.40 ha / 11.0 = 61.582 ha, class 40.01–50.0"
mean outside class,RA02,26,az/sup,44,"50,01 - 75,00","329.14 ha / 4.0 = 82.285 ha, class 50.01–75.0"
mean outside class,RA02,27,az/sup,44,"75,01 - 100,00","472.38 ha / 4.0 = 118.095 ha, class 75.01–100.0"
mean outside class,RA02,28,az/sup,44,"100,01 - 150,00","338.00 ha / 2.0 = 169.000 ha, class 100.01–150.0"
mean outside class,RA02,29,az/sup,44,"150,01 - 200,00","210.16 ha / 1.0 = 210.160 ha, class 150.01–200.0"
mean outside class,RA02,31,az/sup,44,"250,01 - 500,00","11,581.69 ha / 4.0 = 2895.423 ha, class 250.01–500.0"
mean outside class,RA02,32,az/sup,44,"500,01 - 1.000,00","7,779.00 ha / 7.0 = 1111.286 ha, class 500.01–1000.0"
zero mismatch,RA02,33,az/sup,44,"1.000,01 - 2.500,00",az 2.0 sup 0.0
zero mismatch,RA03,29,az/sup,45,"150,01 - 200,00",az 0.0 sup 164.5
zero mismatch,RA03,30,az/sup,45,"200,01 - 250,00",az 0.0 sup 214.0
zero mismatch,RA04,23,az/sup,45,"25,01 - 30,00",az 0.0 sup 30.0
zero mismatch,RA04,24,az/sup,45,"30,01 - 40,00",az 0.0 sup 110.89
zero mismatch,RA04,26,az/sup,45,"50,01 - 75,00",az 0.0 sup 50.71
zero mismatch,RA04,27,az/sup,45,"75,01 - 100,00",az 0.0 sup 87.08
zero mismatch,RA04,28,az/sup,45,"100,01 - 150,00",az 0.0 sup 120.32
zero mismatch,RA04,31,az/sup,45,"250,01 - 500,00",az 0.0 sup 2265.57
zero mismatch,RA04,32,az/sup,45,"500,01 - 1.000,00",az 0.0 sup 4572.84
mean outside class,RA04,33,az/sup,45,"1.000,01 - 2.500,00","27,740.26 ha / 36.0 = 770.563 ha, class 1000.01–2500.0"
zero mismatch,RA05,3,az/sup,46,"0,11 - 0,20",az 18.0 sup 0.0
zero mismatch,RA05,17,az/sup,46,"5,01 - 7,50",az 142.0 sup 0.0
zero mismatch,RA05,18,az/sup,46,"7,51 - 10,00",az 88.0 sup 0.0
zero mismatch,RA05,19,az/sup,46,"10,01 - 12,50",az nan sup 0.0
zero mismatch,RA05,20,az/sup,46,"12,51 - 15,00",az 74.0 sup 0.0
zero mismatch,RA05,21,az/sup,46,"15,01 - 20,00",az 44.0 sup 0.0
zero mismatch,RA05,22,az/sup,46,"20,01 - 25,00",az 22.0 sup 0.0
zero mismatch,RA05,23,az/sup,46,"25,01 - 30,00",az 18.0 sup 0.0
zero mismatch,RA05,24,az/sup,46,"30,01 - 40,00",az 10.0 sup 0.0
zero mismatch,RA05,25,az/sup,46,"40,01 - 50,00",az 7.0 sup 0.0
zero mismatch,RA05,32,az/sup,46,"500,01 - 1.000,00",az 2.0 sup 0.0
zero mismatch,RA05,33,az/sup,46,"1.000,01 - 2.500,00",az 5.0 sup 0.0
zero mismatch,RA06,2,az/sup,46,"fino a 0,10",az 129.0 sup 0.0
zero mismatch,RA06,3,az/sup,46,"0,11 - 0,20",az 195.0 sup 0.0
zero mismatch,RA06,4,az/sup,46,"0,21 - 0,30",az 131.0 sup 0.0
zero mismatch,RA06,5,az/sup,46,"0,31 - 0,40",az 196.0 sup 0.0
zero mismatch,RA06,6,az/sup,46,"0,41 - 0,50",az 97.0 sup 0.0
zero mismatch,RA06,10,az/sup,46,"1,51 - 2,00",az 68.0 sup 0.0
zero mismatch,RA06,13,az/sup,46,"3,01 - 3,50",az 397.0 sup 0.0
zero mismatch,RA06,15,az/sup,46,"4,01 - 4,50",az 0.0 sup nan
zero mismatch,RA06,16,az/sup,46,"4,51 - 5,00",az 0.0 sup 4441.08
zero mismatch,RA06,23,az/sup,46,"25,01 - 30,00",az 4.0 sup 0.0
zero mismatch,RA06,25,az/sup,46,"40,01 - 50,00",az 3.0 sup 0.0
zero mismatch,RA06,27,az/sup,46,"75,01 - 100,00",az 3.0 sup 0.0
zero mismatch,RA06,30,az/sup,46,"200,01 - 250,00",az 4.0 sup 0.0
zero mismatch,RA06,31,az/sup,46,"250,01 - 500,00",az 4.0 sup 0.0
zero mismatch,RA06,32,az/sup,46,"500,01 - 1.000,00",az 2.0 sup 0.0
zero mismatch,RA06,33,az/sup,46,"1.000,01 - 2.500,00",az 1.0 sup 0.0
zero mismatch,RA07,26,az/sup,47,"50,01 - 75,00",az 5.0 sup 0.0
mean outside class,RA07,27,az/sup,47,"75,01 - 100,00","531.43 ha / 4.0 = 132.857 ha, class 75.01–100.0"
zero mismatch,RA07,28,az/sup,47,"100,01 - 150,00",az 0.0 sup 152.81
zero mismatch,RA07,29,az/sup,47,"150,01 - 200,00",az 0.0 sup 655.09
mean outside class,RA07,30,az/sup,47,"200,01 - 250,00","3,957.64 ha / 10.0 = 395.764 ha, class 200.01–250.0"
mean outside class,RA07,31,az/sup,47,"250,01 - 500,00","4,048.60 ha / 5.0 = 809.720 ha, class 250.01–500.0"
zero mismatch,RA07,32,az/sup,47,"500,01 - 1.000,00",az 0.0 sup 7378.42
zero mismatch,RA07,33,az/sup,47,"1.000,01 - 2.500,00",az 0.0 sup 4745.0
mean outside class,RA08,24,az/sup,47,"30,01 - 40,00","628.97 ha / 40.0 = 15.724 ha, class 30.01–40.0"
mean outside class,RA08,25,az/sup,47,"40,01 - 50,00","488.13 ha / 14.0 = 34.866 ha, class 40.01–50.0"
mean outside class,RA08,26,az/sup,47,"50,01 - 75,00","338.81 ha / 8.0 = 42.351 ha, class 50.01–75.0"
zero mismatch,RA08,27,az/sup,47,"75,01 - 100,00",az 0.0 sup 107.5
zero mismatch,RA08,28,az/sup,47,"100,01 - 150,00",az 0.0 sup 177.87
zero mismatch,RA08,29,az/sup,47,"150,01 - 200,00",az 0.0 sup 219.13
mean outside class,RA08,31,az/sup,47,"250,01 - 500,00","1,140.05 ha / 2.0 = 570.025 ha, class 250.01–500.0"
mean outside class,RA08,32,az/sup,47,"500,01 - 1.000,00","3,611.00 ha / 2.0 = 1805.500 ha, class 500.01–1000.0"
mean outside class,RA09,20,az/sup,48,"12,51 - 15,00","8.37 ha / 73.0 = 0.115 ha, class 12.51–15.0"
zero mismatch,RA10,2,az/sup,48,"fino a 0,10",az 80.0 sup 0.0
zero mismatch,RA10,23,az/sup,48,"25,01 - 30,00",az 23.0 sup 0.0
zero mismatch,RA10,24,az/sup,48,"30,01 - 40,00",az 36.0 sup 0.0
zero mismatch,RA10,25,az/sup,48,"40,01 - 50,00",az 15.0 sup 0.0
zero mismatch,RA10,26,az/sup,48,"50,01 - 75,00",az 7.0 sup 0.0
mean outside class,RA11,3,az/sup,49,"0,11 - 0,20","2.99 ha / 42.0 = 0.071 ha, class 0.11–0.2"
mean outside class,RA11,4,az/sup,49,"0,21 - 0,30","23.76 ha / 143.0 = 0.166 ha, class 0.21–0.3"
mean outside class,RA12,3,az/sup,49,"0,11 - 0,20","0.26 ha / 4.0 = 0.065 ha, class 0.11–0.2"
zero mismatch,RA12,4,az/sup,49,"0,21 - 0,30",az 26.0 sup 0.0
zero mismatch,RA12,5,az/sup,49,"0,31 - 0,40",az 13.0 sup 0.0
zero mismatch,RA12,6,az/sup,49,"0,41 - 0,50",az 0.0 sup 6.37
zero mismatch,RA12,7,az/sup,49,"0,51 - 0,75",az 0.0 sup 32.9
zero mismatch,RA13,16,az/sup,50,"4,51 - 5,00",az 287.0 sup 0.0
zero mismatch,RA13,17,az/sup,50,"5,01 - 7,50",az 843.0 sup 0.0
zero mismatch,RA13,18,az/sup,50,"7,51 - 10,00",az 581.0 sup 0.0
zero mismatch,RA13,19,az/sup,50,"10,01 - 12,50",az 246.0 sup 0.0
zero mismatch,RA13,20,az/sup,50,"12,51 - 15,00",az 54.0 sup 0.0
zero mismatch,RA13,21,az/sup,50,"15,01 - 20,00",az nan sup 0.0
zero mismatch,RA13,22,az/sup,50,"20,01 - 25,00",az nan sup 0.0
zero mismatch,RA13,23,az/sup,50,"25,01 - 30,00",az 19.0 sup 0.0
zero mismatch,RA14,2,az/sup,50,"fino a 0,10",az 24.0 sup 0.0
zero mismatch,RA14,3,az/sup,50,"0,11 - 0,20",az 78.0 sup 0.0
zero mismatch,RA14,4,az/sup,50,"0,21 - 0,30",az 43.0 sup 0.0
zero mismatch,RA14,5,az/sup,50,"0,31 - 0,40",az 144.0 sup 0.0
zero mismatch,RA14,6,az/sup,50,"0,41 - 0,50",az 47.0 sup 0.0
zero mismatch,RA14,7,az/sup,50,"0,51 - 0,75",az 137.0 sup 0.0
zero mismatch,RA14,8,az/sup,50,"0,76 - 1,00",az 280.0 sup 0.0
zero mismatch,RA14,17,az/sup,50,"5,01 - 7,50",az 992.0 sup 0.0
zero mismatch,RA14,18,az/sup,50,"7,51 - 10,00",az 514.0 sup 0.0
zero mismatch,RA14,19,az/sup,50,"10,01 - 12,50",az 196.0 sup 0.0
zero mismatch,RA14,20,az/sup,50,"12,51 - 15,00",az 123.0 sup 0.0
zero mismatch,RA14,21,az/sup,50,"15,01 - 20,00",az 127.0 sup 0.0
zero mismatch,RA14,22,az/sup,50,"20,01 - 25,00",az 33.0 sup 0.0
zero mismatch,RA14,23,az/sup,50,"25,01 - 30,00",az 30.0 sup 0.0
zero mismatch,RA14,24,az/sup,50,"30,01 - 40,00",az 11.0 sup 0.0
zero mismatch,RA14,25,az/sup,50,"40,01 - 50,00",az 2.0 sup 0.0
zero mismatch,RA14,32,az/sup,50,"500,01 - 1.000,00",az 2.0 sup 0.0
mean outside class,RA15,24,az/sup,51,"30,01 - 40,00","7,438.00 ha / 64.0 = 116.219 ha, class 30.01–40.0"
mean outside class,RA15,26,az/sup,51,"50,01 - 75,00","581.11 ha / 7.0 = 83.016 ha, class 50.01–75.0"
mean outside class,RA15,27,az/sup,51,"75,01 - 100,00","449.61 ha / 4.0 = 112.403 ha, class 75.01–100.0"
mean outside class,RA15,28,az/sup,51,"100,01 - 150,00","368.15 ha / 2.0 = 184.075 ha, class 100.01–150.0"
mean outside class,RA15,30,az/sup,51,"200,01 - 250,00","685.86 ha / 2.0 = 342.930 ha, class 200.01–250.0"
zero mismatch,RA16,26,az/sup,51,"50,01 - 75,00",az 0.0 sup 278.72
mean outside class,RA16,27,az/sup,51,"75,01 - 100,00","234.14 ha / 2.0 = 117.070 ha, class 75.01–100.0"
zero mismatch,RA16,31,az/sup,51,"250,01 - 500,00",az 0.0 sup 927.29
zero mismatch,RA17,23,az/sup,52,"25,01 - 30,00",az 69.0 sup 0.0
zero mismatch,RA17,24,az/sup,52,"30,01 - 40,00",az 50.0 sup 0.0
zero mismatch,RA17,25,az/sup,52,"40,01 - 50,00",az 8.0 sup 0.0
zero mismatch,RA17,26,az/sup,52,"50,01 - 75,00",az 8.0 sup 0.0
zero mismatch,RA17,27,az/sup,52,"75,01 - 100,00",az 5.0 sup 0.0
suspect cell,RA17,8,az,52,"0,76 - 1,00",fails both block sum and Tav. 1 sum
suspect cell,RA17,19,az,52,"10,01 - 12,50",fails both block sum and Tav. 1 sum
suspect cell,RA17,30,az,52,"200,01 - 250,00",fails both block sum and Tav. 1 sum
suspect cell,RA17,10,az,52,"1,51 - 2,00",fails both block sum and Tav. 1 sum
suspect cell,RA17,32,az,52,"500,01 - 1.000,00",fails both block sum and Tav. 1 sum
suspect cell,RA17,21,az,52,"15,01 - 20,00",fails both block sum and Tav. 1 sum
suspect cell,RA17,12,az,52,"2,51 - 3,00",fails both block sum and Tav. 1 sum
suspect cell,RA17,23,az,52,"25,01 - 30,00",fails both block sum and Tav. 1 sum
suspect cell,RA17,3,az,52,"0,11 - 0,20",fails both block sum and Tav. 1 sum
suspect cell,RA17,14,az,52,"3,51 - 4,00",fails both block sum and Tav. 1 sum
suspect cell,RA17,34,az,52,oltre 2.500,fails both block sum and Tav. 1 sum
suspect cell,RA17,5,az,52,"0,31 - 0,40",fails both block sum and Tav. 1 sum
suspect cell,RA17,27,az,52,"75,01 - 100,00",fails both block sum and Tav. 1 sum
suspect cell,RA17,25,az,52,"40,01 - 50,00",fails both block sum and Tav. 1 sum
suspect cell,RA17,28,az,52,"100,01 - 150,00",fails both block sum and Tav. 1 sum
suspect cell,RA17,16,az,52,"4,51 - 5,00",fails both block sum and Tav. 1 sum
suspect cell,RA17,7,az,52,"0,51 - 0,75",fails both block sum and Tav. 1 sum
suspect cell,RA17,18,az,52,"7,51 - 10,00",fails both block sum and Tav. 1 sum
suspect cell,RA17,29,az,52,"150,01 - 200,00",fails both block sum and Tav. 1 sum
suspect cell,RA17,20,az,52,"12,51 - 15,00",fails both block sum and Tav. 1 sum
suspect cell,RA17,31,az,52,"250,01 - 500,00",fails both block sum and Tav. 1 sum
suspect cell,RA17,22,az,52,"20,01 - 25,00",fails both block sum and Tav. 1 sum
suspect cell,RA17,9,az,52,"1,01 - 1,50",fails both block sum and Tav. 1 sum
suspect cell,RA17,11,az,52,"2,01 - 2,50",fails both block sum and Tav. 1 sum
suspect cell,RA17,33,az,52,"1.000,01 - 2.500,00",fails both block sum and Tav. 1 sum
suspect cell,RA17,2,az,52,"fino a 0,10",fails both block sum and Tav. 1 sum
suspect cell,RA17,13,az,52,"3,01 - 3,50",fails both block sum and Tav. 1 sum
suspect cell,RA17,24,az,52,"30,01 - 40,00",fails both block sum and Tav. 1 sum
suspect cell,RA17,15,az,52,"4,01 - 4,50",fails both block sum and Tav. 1 sum
suspect cell,RA17,26,az,52,"50,01 - 75,00",fails both block sum and Tav. 1 sum
suspect cell,RA17,6,az,52,"0,41 - 0,50",fails both block sum and Tav. 1 sum
suspect cell,RA17,4,az,52,"0,21 - 0,30",fails both block sum and Tav. 1 sum
suspect cell,RA17,17,az,52,"5,01 - 7,50",fails both block sum and Tav. 1 sum
suspect cell,RA11,3,sup,49,"0,11 - 0,20",fails both block sum and Tav. 1 sum
suspect cell,RA11,14,sup,49,"3,51 - 4,00",fails both block sum and Tav. 1 sum
suspect cell,RA11,5,sup,49,"0,31 - 0,40",fails both block sum and Tav. 1 sum
suspect cell,RA11,27,sup,49,"75,01 - 100,00",fails both block sum and Tav. 1 sum
suspect cell,RA11,25,sup,49,"40,01 - 50,00",fails both block sum and Tav. 1 sum
suspect cell,RA11,16,sup,49,"4,51 - 5,00",fails both block sum and Tav. 1 sum
suspect cell,RA11,7,sup,49,"0,51 - 0,75",fails both block sum and Tav. 1 sum
suspect cell,RA11,18,sup,49,"7,51 - 10,00",fails both block sum and Tav. 1 sum
suspect cell,RA11,29,sup,49,"150,01 - 200,00",fails both block sum and Tav. 1 sum
suspect cell,RA11,20,sup,49,"12,51 - 15,00",fails both block sum and Tav. 1 sum
suspect cell,RA11,31,sup,49,"250,01 - 500,00",fails both block sum and Tav. 1 sum
suspect cell,RA11,22,sup,49,"20,01 - 25,00",fails both block sum and Tav. 1 sum
suspect cell,RA11,9,sup,49,"1,01 - 1,50",fails both block sum and Tav. 1 sum
suspect cell,RA11,23,sup,49,"25,01 - 30,00",fails both block sum and Tav. 1 sum
suspect cell,RA11,11,sup,49,"2,01 - 2,50",fails both block sum and Tav. 1 sum
suspect cell,RA11,33,sup,49,"1.000,01 - 2.500,00",fails both block sum and Tav. 1 sum
suspect cell,RA11,2,sup,49,"fino a 0,10",fails both block sum and Tav. 1 sum
suspect cell,RA11,13,sup,49,"3,01 - 3,50",fails both block sum and Tav. 1 sum
suspect cell,RA11,24,sup,49,"30,01 - 40,00",fails both block sum and Tav. 1 sum
suspect cell,RA11,15,sup,49,"4,01 - 4,50",fails both block sum and Tav. 1 sum
suspect cell,RA11,26,sup,49,"50,01 - 75,00",fails both block sum and Tav. 1 sum
suspect cell,RA11,6,sup,49,"0,41 - 0,50",fails both block sum and Tav. 1 sum
suspect cell,RA11,4,sup,49,"0,21 - 0,30",fails both block sum and Tav. 1 sum
suspect cell,RA11,17,sup,49,"5,01 - 7,50",fails both block sum and Tav. 1 sum
suspect cell,RA11,28,sup,49,"100,01 - 150,00",fails both block sum and Tav. 1 sum
suspect cell,RA11,8,sup,49,"0,76 - 1,00",fails both block sum and Tav. 1 sum
suspect cell,RA11,19,sup,49,"10,01 - 12,50",fails both block sum and Tav. 1 sum
suspect cell,RA11,30,sup,49,"200,01 - 250,00",fails both block sum and Tav. 1 sum
suspect cell,RA11,10,sup,49,"1,51 - 2,00",fails both block sum and Tav. 1 sum
suspect cell,RA11,32,sup,49,"500,01 - 1.000,00",fails both block sum and Tav. 1 sum
suspect cell,RA11,21,sup,49,"15,01 - 20,00",fails both block sum and Tav. 1 sum
suspect cell,RA11,12,sup,49,"2,51 - 3,00",fails both block sum and Tav. 1 sum
suspect cell,RA11,34,sup,49,oltre 2.500,fails both block sum and Tav. 1 sum
suspect cell,RA10,3,sup,48,"0,11 - 0,20",fails both block sum and Tav. 1 sum
suspect cell,RA10,14,sup,48,"3,51 - 4,00",fails both block sum and Tav. 1 sum
suspect cell,RA10,5,sup,48,"0,31 - 0,40",fails both block sum and Tav. 1 sum
suspect cell,RA10,27,sup,48,"75,01 - 100,00",fails both block sum and Tav. 1 sum
suspect cell,RA10,25,sup,48,"40,01 - 50,00",fails both block sum and Tav. 1 sum
suspect cell,RA10,16,sup,48,"4,51 - 5,00",fails both block sum and Tav. 1 sum
suspect cell,RA10,7,sup,48,"0,51 - 0,75",fails both block sum and Tav. 1 sum
suspect cell,RA10,18,sup,48,"7,51 - 10,00",fails both block sum and Tav. 1 sum
suspect cell,RA10,29,sup,48,"150,01 - 200,00",fails both block sum and Tav. 1 sum
suspect cell,RA10,20,sup,48,"12,51 - 15,00",fails both block sum and Tav. 1 sum
suspect cell,RA10,31,sup,48,"250,01 - 500,00",fails both block sum and Tav. 1 sum
suspect cell,RA10,22,sup,48,"20,01 - 25,00",fails both block sum and Tav. 1 sum
suspect cell,RA10,9,sup,48,"1,01 - 1,50",fails both block sum and Tav. 1 sum
suspect cell,RA10,23,sup,48,"25,01 - 30,00",fails both block sum and Tav. 1 sum
suspect cell,RA10,11,sup,48,"2,01 - 2,50",fails both block sum and Tav. 1 sum
suspect cell,RA10,33,sup,48,"1.000,01 - 2.500,00",fails both block sum and Tav. 1 sum
suspect cell,RA10,2,sup,48,"fino a 0,10",fails both block sum and Tav. 1 sum
suspect cell,RA10,13,sup,48,"3,01 - 3,50",fails both block sum and Tav. 1 sum
suspect cell,RA10,24,sup,48,"30,01 - 40,00",fails both block sum and Tav. 1 sum
suspect cell,RA10,15,sup,48,"4,01 - 4,50",fails both block sum and Tav. 1 sum
suspect cell,RA10,26,sup,48,"50,01 - 75,00",fails both block sum and Tav. 1 sum
suspect cell,RA10,6,sup,48,"0,41 - 0,50",fails both block sum and Tav. 1 sum
suspect cell,RA10,4,sup,48,"0,21 - 0,30",fails both block sum and Tav. 1 sum
suspect cell,RA10,17,sup,48,"5,01 - 7,50",fails both block sum and Tav. 1 sum
suspect cell,RA10,28,sup,48,"100,01 - 150,00",fails both block sum and Tav. 1 sum
suspect cell,RA10,8,sup,48,"0,76 - 1,00",fails both block sum and Tav. 1 sum
suspect cell,RA10,19,sup,48,"10,01 - 12,50",fails both block sum and Tav. 1 sum
suspect cell,RA10,30,sup,48,"200,01 - 250,00",fails both block sum and Tav. 1 sum
suspect cell,RA10,10,sup,48,"1,51 - 2,00",fails both block sum and Tav. 1 sum
suspect cell,RA10,32,sup,48,"500,01 - 1.000,00",fails both block sum and Tav. 1 sum
suspect cell,RA10,21,sup,48,"15,01 - 20,00",fails both block sum and Tav. 1 sum
suspect cell,RA10,12,sup,48,"2,51 - 3,00",fails both block sum and Tav. 1 sum
suspect cell,RA10,34,sup,48,oltre 2.500,fails both block sum and Tav. 1 sum
suspect cell,RA03,8,az,45,"0,76 - 1,00",fails both block sum and Tav. 1 sum
suspect cell,RA03,19,az,45,"10,01 - 12,50",fails both block sum and Tav. 1 sum
suspect cell,RA03,30,az,45,"200,01 - 250,00",fails both block sum and Tav. 1 sum
suspect cell,RA03,10,az,45,"1,51 - 2,00",fails both block sum and Tav. 1 sum
suspect cell,RA03,32,az,45,"500,01 - 1.000,00",fails both block sum and Tav. 1 sum
suspect cell,RA03,21,az,45,"15,01 - 20,00",fails both block sum and Tav. 1 sum
suspect cell,RA03,12,az,45,"2,51 - 3,00",fails both block sum and Tav. 1 sum
suspect cell,RA03,23,az,45,"25,01 - 30,00",fails both block sum and Tav. 1 sum
suspect cell,RA03,3,az,45,"0,11 - 0,20",fails both block sum and Tav. 1 sum
suspect cell,RA03,14,az,45,"3,51 - 4,00",fails both block sum and Tav. 1 sum
suspect cell,RA03,34,az,45,oltre 2.500,fails both block sum and Tav. 1 sum
suspect cell,RA03,5,az,45,"0,31 - 0,40",fails both block sum and Tav. 1 sum
suspect cell,RA03,27,az,45,"75,01 - 100,00",fails both block sum and Tav. 1 sum
suspect cell,RA03,25,az,45,"40,01 - 50,00",fails both block sum and Tav. 1 sum
suspect cell,RA03,28,az,45,"100,01 - 150,00",fails both block sum and Tav. 1 sum
suspect cell,RA03,16,az,45,"4,51 - 5,00",fails both block sum and Tav. 1 sum
suspect cell,RA03,7,az,45,"0,51 - 0,75",fails both block sum and Tav. 1 sum
suspect cell,RA03,18,az,45,"7,51 - 10,00",fails both block sum and Tav. 1 sum
suspect cell,RA03,29,az,45,"150,01 - 200,00",fails both block sum and Tav. 1 sum
suspect cell,RA03,20,az,45,"12,51 - 15,00",fails both block sum and Tav. 1 sum
suspect cell,RA03,31,az,45,"250,01 - 500,00",fails both block sum and Tav. 1 sum
suspect cell,RA03,22,az,45,"20,01 - 25,00",fails both block sum and Tav. 1 sum
suspect cell,RA03,9,az,45,"1,01 - 1,50",fails both block sum and Tav. 1 sum
suspect cell,RA03,11,az,45,"2,01 - 2,50",fails both block sum and Tav. 1 sum
suspect cell,RA03,33,az,45,"1.000,01 - 2.500,00",fails both block sum and Tav. 1 sum
suspect cell,RA03,2,az,45,"fino a 0,10",fails both block sum and Tav. 1 sum
suspect cell,RA03,13,az,45,"3,01 - 3,50",fails both block sum and Tav. 1 sum
suspect cell,RA03,24,az,45,"30,01 - 40,00",fails both block sum and Tav. 1 sum
suspect cell,RA03,15,az,45,"4,01 - 4,50",fails both block sum and Tav. 1 sum
suspect cell,RA03,26,az,45,"50,01 - 75,00",fails both block sum and Tav. 1 sum
suspect cell,RA03,6,az,45,"0,41 - 0,50",fails both block sum and Tav. 1 sum
suspect cell,RA03,4,az,45,"0,21 - 0,30",fails both block sum and Tav. 1 sum
suspect cell,RA03,17,az,45,"5,01 - 7,50",fails both block sum and Tav. 1 sum
suspect cell,RA15,3,sup,51,"0,11 - 0,20",fails both block sum and Tav. 1 sum
suspect cell,RA15,14,sup,51,"3,51 - 4,00",fails both block sum and Tav. 1 sum
suspect cell,RA15,5,sup,51,"0,31 - 0,40",fails both block sum and Tav. 1 sum
suspect cell,RA15,27,sup,51,"75,01 - 100,00",fails both block sum and Tav. 1 sum
suspect cell,RA15,25,sup,51,"40,01 - 50,00",fails both block sum and Tav. 1 sum
suspect cell,RA15,16,sup,51,"4,51 - 5,00",fails both block sum and Tav. 1 sum
suspect cell,RA15,7,sup,51,"0,51 - 0,75",fails both block sum and Tav. 1 sum
suspect cell,RA15,18,sup,51,"7,51 - 10,00",fails both block sum and Tav. 1 sum
suspect cell,RA15,29,sup,51,"150,01 - 200,00",fails both block sum and Tav. 1 sum
suspect cell,RA15,20,sup,51,"12,51 - 15,00",fails both block sum and Tav. 1 sum
suspect cell,RA15,31,sup,51,"250,01 - 500,00",fails both block sum and Tav. 1 sum
suspect cell,RA15,22,sup,51,"20,01 - 25,00",fails both block sum and Tav. 1 sum
suspect cell,RA15,9,sup,51,"1,01 - 1,50",fails both block sum and Tav. 1 sum
suspect cell,RA15,23,sup,51,"25,01 - 30,00",fails both block sum and Tav. 1 sum
suspect cell,RA15,11,sup,51,"2,01 - 2,50",fails both block sum and Tav. 1 sum
suspect cell,RA15,33,sup,51,"1.000,01 - 2.500,00",fails both block sum and Tav. 1 sum
suspect cell,RA15,2,sup,51,"fino a 0,10",fails both block sum and Tav. 1 sum
suspect cell,RA15,13,sup,51,"3,01 - 3,50",fails both block sum and Tav. 1 sum
suspect cell,RA15,24,sup,51,"30,01 - 40,00",fails both block sum and Tav. 1 sum
suspect cell,RA15,15,sup,51,"4,01 - 4,50",fails both block sum and Tav. 1 sum
suspect cell,RA15,26,sup,51,"50,01 - 75,00",fails both block sum and Tav. 1 sum
suspect cell,RA15,6,sup,51,"0,41 - 0,50",fails both block sum and Tav. 1 sum
suspect cell,RA15,4,sup,51,"0,21 - 0,30",fails both block sum and Tav. 1 sum
suspect cell,RA15,17,sup,51,"5,01 - 7,50",fails both block sum and Tav. 1 sum
suspect cell,RA15,28,sup,51,"100,01 - 150,00",fails both block sum and Tav. 1 sum
suspect cell,RA15,8,sup,51,"0,76 - 1,00",fails both block sum and Tav. 1 sum
suspect cell,RA15,19,sup,51,"10,01 - 12,50",fails both block sum and Tav. 1 sum
suspect cell,RA15,30,sup,51,"200,01 - 250,00",fails both block sum and Tav. 1 sum
suspect cell,RA15,10,sup,51,"1,51 - 2,00",fails both block sum and Tav. 1 sum
suspect cell,RA15,32,sup,51,"500,01 - 1.000,00",fails both block sum and Tav. 1 sum
suspect cell,RA15,21,sup,51,"15,01 - 20,00",fails both block sum and Tav. 1 sum
suspect cell,RA15,12,sup,51,"2,51 - 3,00",fails both block sum and Tav. 1 sum
suspect cell,RA15,34,sup,51,oltre 2.500,fails both block sum and Tav. 1 sum
suspect cell,RA08,8,az,47,"0,76 - 1,00",fails both block sum and Tav. 1 sum
suspect cell,RA08,19,az,47,"10,01 - 12,50",fails both block sum and Tav. 1 sum
suspect cell,RA08,30,az,47,"200,01 - 250,00",fails both block sum and Tav. 1 sum
suspect cell,RA08,10,az,47,"1,51 - 2,00",fails both block sum and Tav. 1 sum
suspect cell,RA08,32,az,47,"500,01 - 1.000,00",fails both block sum and Tav. 1 sum
suspect cell,RA08,21,az,47,"15,01 - 20,00",fails both block sum and Tav. 1 sum
suspect cell,RA08,12,az,47,"2,51 - 3,00",fails both block sum and Tav. 1 sum
suspect cell,RA08,23,az,47,"25,01 - 30,00",fails both block sum and Tav. 1 sum
suspect cell,RA08,3,az,47,"0,11 - 0,20",fails both block sum and Tav. 1 sum
suspect cell,RA08,14,az,47,"3,51 - 4,00",fails both block sum and Tav. 1 sum
suspect cell,RA08,34,az,47,oltre 2.500,fails both block sum and Tav. 1 sum
suspect cell,RA08,5,az,47,"0,31 - 0,40",fails both block sum and Tav. 1 sum
suspect cell,RA08,27,az,47,"75,01 - 100,00",fails both block sum and Tav. 1 sum
suspect cell,RA08,25,az,47,"40,01 - 50,00",fails both block sum and Tav. 1 sum
suspect cell,RA08,28,az,47,"100,01 - 150,00",fails both block sum and Tav. 1 sum
suspect cell,RA08,16,az,47,"4,51 - 5,00",fails both block sum and Tav. 1 sum
suspect cell,RA08,7,az,47,"0,51 - 0,75",fails both block sum and Tav. 1 sum
suspect cell,RA08,18,az,47,"7,51 - 10,00",fails both block sum and Tav. 1 sum
suspect cell,RA08,29,az,47,"150,01 - 200,00",fails both block sum and Tav. 1 sum
suspect cell,RA08,20,az,47,"12,51 - 15,00",fails both block sum and Tav. 1 sum
suspect cell,RA08,31,az,47,"250,01 - 500,00",fails both block sum and Tav. 1 sum
suspect cell,RA08,22,az,47,"20,01 - 25,00",fails both block sum and Tav. 1 sum
suspect cell,RA08,9,az,47,"1,01 - 1,50",fails both block sum and Tav. 1 sum
suspect cell,RA08,11,az,47,"2,01 - 2,50",fails both block sum and Tav. 1 sum
suspect cell,RA08,33,az,47,"1.000,01 - 2.500,00",fails both block sum and Tav. 1 sum
suspect cell,RA08,2,az,47,"fino a 0,10",fails both block sum and Tav. 1 sum
suspect cell,RA08,13,az,47,"3,01 - 3,50",fails both block sum and Tav. 1 sum
suspect cell,RA08,24,az,47,"30,01 - 40,00",fails both block sum and Tav. 1 sum
suspect cell,RA08,15,az,47,"4,01 - 4,50",fails both block sum and Tav. 1 sum
suspect cell,RA08,26,az,47,"50,01 - 75,00",fails both block sum and Tav. 1 sum
suspect cell,RA08,6,az,47,"0,41 - 0,50",fails both block sum and Tav. 1 sum
suspect cell,RA08,4,az,47,"0,21 - 0,30",fails both block sum and Tav. 1 sum
suspect cell,RA08,17,az,47,"5,01 - 7,50",fails both block sum and Tav. 1 sum
suspect cell,TAV1,3,sup,13,"0,11 - 0,20",fails both block sum and Tav. 1 sum
suspect cell,TAV1,14,sup,13,"3,51 - 4,00",fails both block sum and Tav. 1 sum
suspect cell,TAV1,5,sup,13,"0,31 - 0,40",fails both block sum and Tav. 1 sum
suspect cell,TAV1,27,sup,13,"75,01 - 100,00",fails both block sum and Tav. 1 sum
suspect cell,TAV1,25,sup,13,"40,01 - 50,00",fails both block sum and Tav. 1 sum
suspect cell,TAV1,16,sup,13,"4,51 - 5,00",fails both block sum and Tav. 1 sum
suspect cell,TAV1,7,sup,13,"0,51 - 0,75",fails both block sum and Tav. 1 sum
suspect cell,TAV1,18,sup,13,"7,51 - 10,00",fails both block sum and Tav. 1 sum
suspect cell,TAV1,29,sup,13,"150,01 - 200,00",fails both block sum and Tav. 1 sum
suspect cell,TAV1,20,sup,13,"12,51 - 15,00",fails both block sum and Tav. 1 sum
suspect cell,TAV1,31,sup,13,"250,01 - 500,00",fails both block sum and Tav. 1 sum
suspect cell,TAV1,22,sup,13,"20,01 - 25,00",fails both block sum and Tav. 1 sum
suspect cell,TAV1,9,sup,13,"1,01 - 1,50",fails both block sum and Tav. 1 sum
suspect cell,TAV1,23,sup,13,"25,01 - 30,00",fails both block sum and Tav. 1 sum
suspect cell,TAV1,11,sup,13,"2,01 - 2,50",fails both block sum and Tav. 1 sum
suspect cell,TAV1,33,sup,13,"1.000,01 - 2.500,00",fails both block sum and Tav. 1 sum
suspect cell,TAV1,2,sup,13,"fino a 0,10",fails both block sum and Tav. 1 sum
suspect cell,TAV1,13,sup,13,"3,01 - 3,50",fails both block sum and Tav. 1 sum
suspect cell,TAV1,24,sup,13,"30,01 - 40,00",fails both block sum and Tav. 1 sum
suspect cell,TAV1,15,sup,13,"4,01 - 4,50",fails both block sum and Tav. 1 sum
suspect cell,TAV1,26,sup,13,"50,01 - 75,00",fails both block sum and Tav. 1 sum
suspect cell,TAV1,6,sup,13,"0,41 - 0,50",fails both block sum and Tav. 1 sum
suspect cell,TAV1,4,sup,13,"0,21 - 0,30",fails both block sum and Tav. 1 sum
suspect cell,TAV1,17,sup,13,"5,01 - 7,50",fails both block sum and Tav. 1 sum
suspect cell,TAV1,28,sup,13,"100,01 - 150,00",fails both block sum and Tav. 1 sum
suspect cell,TAV1,8,sup,13,"0,76 - 1,00",fails both block sum and Tav. 1 sum
suspect cell,TAV1,19,sup,13,"10,01 - 12,50",fails both block sum and Tav. 1 sum
suspect cell,TAV1,30,sup,13,"200,01 - 250,00",fails both block sum and Tav. 1 sum
suspect cell,TAV1,10,sup,13,"1,51 - 2,00",fails both block sum and Tav. 1 sum
suspect cell,TAV1,32,sup,13,"500,01 - 1.000,00",fails both block sum and Tav. 1 sum
suspect cell,TAV1,21,sup,13,"15,01 - 20,00",fails both block sum and Tav. 1 sum
suspect cell,TAV1,12,sup,13,"2,51 - 3,00",fails both block sum and Tav. 1 sum
suspect cell,TAV1,34,sup,13,oltre 2.500,fails both block sum and Tav. 1 sum
suspect cell,RA12,8,az,49,"0,76 - 1,00",fails both block sum and Tav. 1 sum
suspect cell,RA12,19,az,49,"10,01 - 12,50",fails both block sum and Tav. 1 sum
suspect cell,RA12,30,az,49,"200,01 - 250,00",fails both block sum and Tav. 1 sum
suspect cell,RA12,10,az,49,"1,51 - 2,00",fails both block sum and Tav. 1 sum
suspect cell,RA12,32,az,49,"500,01 - 1.000,00",fails both block sum and Tav. 1 sum
suspect cell,RA12,21,az,49,"15,01 - 20,00",fails both block sum and Tav. 1 sum
suspect cell,RA12,12,az,49,"2,51 - 3,00",fails both block sum and Tav. 1 sum
suspect cell,RA12,23,az,49,"25,01 - 30,00",fails both block sum and Tav. 1 sum
suspect cell,RA12,3,az,49,"0,11 - 0,20",fails both block sum and Tav. 1 sum
suspect cell,RA12,14,az,49,"3,51 - 4,00",fails both block sum and Tav. 1 sum
suspect cell,RA12,34,az,49,oltre 2.500,fails both block sum and Tav. 1 sum
suspect cell,RA12,5,az,49,"0,31 - 0,40",fails both block sum and Tav. 1 sum
suspect cell,RA12,27,az,49,"75,01 - 100,00",fails both block sum and Tav. 1 sum
suspect cell,RA12,25,az,49,"40,01 - 50,00",fails both block sum and Tav. 1 sum
suspect cell,RA12,28,az,49,"100,01 - 150,00",fails both block sum and Tav. 1 sum
suspect cell,RA12,16,az,49,"4,51 - 5,00",fails both block sum and Tav. 1 sum
suspect cell,RA12,7,az,49,"0,51 - 0,75",fails both block sum and Tav. 1 sum
suspect cell,RA12,18,az,49,"7,51 - 10,00",fails both block sum and Tav. 1 sum
suspect cell,RA12,29,az,49,"150,01 - 200,00",fails both block sum and Tav. 1 sum
suspect cell,RA12,20,az,49,"12,51 - 15,00",fails both block sum and Tav. 1 sum
suspect cell,RA12,31,az,49,"250,01 - 500,00",fails both block sum and Tav. 1 sum
suspect cell,RA12,22,az,49,"20,01 - 25,00",fails both block sum and Tav. 1 sum
suspect cell,RA12,9,az,49,"1,01 - 1,50",fails both block sum and Tav. 1 sum
suspect cell,RA12,11,az,49,"2,01 - 2,50",fails both block sum and Tav. 1 sum
suspect cell,RA12,33,az,49,"1.000,01 - 2.500,00",fails both block sum and Tav. 1 sum
suspect cell,RA12,2,az,49,"fino a 0,10",fails both block sum and Tav. 1 sum
suspect cell,RA12,13,az,49,"3,01 - 3,50",fails both block sum and Tav. 1 sum
suspect cell,RA12,24,az,49,"30,01 - 40,00",fails both block sum and Tav. 1 sum
suspect cell,RA12,15,az,49,"4,01 - 4,50",fails both block sum and Tav. 1 sum
suspect cell,RA12,26,az,49,"50,01 - 75,00",fails both block sum and Tav. 1 sum
suspect cell,RA12,6,az,49,"0,41 - 0,50",fails both block sum and Tav. 1 sum
suspect cell,RA12,4,az,49,"0,21 - 0,30",fails both block sum and Tav. 1 sum
suspect cell,RA12,17,az,49,"5,01 - 7,50",fails both block sum and Tav. 1 sum
suspect cell,RA02,3,sup,44,"0,11 - 0,20",fails both block sum and Tav. 1 sum
suspect cell,RA02,14,sup,44,"3,51 - 4,00",fails both block sum and Tav. 1 sum
suspect cell,RA02,5,sup,44,"0,31 - 0,40",fails both block sum and Tav. 1 sum
suspect cell,RA02,27,sup,44,"75,01 - 100,00",fails both block sum and Tav. 1 sum
suspect cell,RA02,25,sup,44,"40,01 - 50,00",fails both block sum and Tav. 1 sum
suspect cell,RA02,16,sup,44,"4,51 - 5,00",fails both block sum and Tav. 1 sum
suspect cell,RA02,7,sup,44,"0,51 - 0,75",fails both block sum and Tav. 1 sum
suspect cell,RA02,18,sup,44,"7,51 - 10,00",fails both block sum and Tav. 1 sum
suspect cell,RA02,29,sup,44,"150,01 - 200,00",fails both block sum and Tav. 1 sum
suspect cell,RA02,20,sup,44,"12,51 - 15,00",fails both block sum and Tav. 1 sum
suspect cell,RA02,31,sup,44,"250,01 - 500,00",fails both block sum and Tav. 1 sum
suspect cell,RA02,22,sup,44,"20,01 - 25,00",fails both block sum and Tav. 1 sum
suspect cell,RA02,9,sup,44,"1,01 - 1,50",fails both block sum and Tav. 1 sum
suspect cell,RA02,23,sup,44,"25,01 - 30,00",fails both block sum and Tav. 1 sum
suspect cell,RA02,11,sup,44,"2,01 - 2,50",fails both block sum and Tav. 1 sum
suspect cell,RA02,33,sup,44,"1.000,01 - 2.500,00",fails both block sum and Tav. 1 sum
suspect cell,RA02,2,sup,44,"fino a 0,10",fails both block sum and Tav. 1 sum
suspect cell,RA02,13,sup,44,"3,01 - 3,50",fails both block sum and Tav. 1 sum
suspect cell,RA02,24,sup,44,"30,01 - 40,00",fails both block sum and Tav. 1 sum
suspect cell,RA02,15,sup,44,"4,01 - 4,50",fails both block sum and Tav. 1 sum
suspect cell,RA02,26,sup,44,"50,01 - 75,00",fails both block sum and Tav. 1 sum
suspect cell,RA02,6,sup,44,"0,41 - 0,50",fails both block sum and Tav. 1 sum
suspect cell,RA02,4,sup,44,"0,21 - 0,30",fails both block sum and Tav. 1 sum
suspect cell,RA02,17,sup,44,"5,01 - 7,50",fails both block sum and Tav. 1 sum
suspect cell,RA02,28,sup,44,"100,01 - 150,00",fails both block sum and Tav. 1 sum
suspect cell,RA02,8,sup,44,"0,76 - 1,00",fails both block sum and Tav. 1 sum
suspect cell,RA02,19,sup,44,"10,01 - 12,50",fails both block sum and Tav. 1 sum
suspect cell,RA02,30,sup,44,"200,01 - 250,00",fails both block sum and Tav. 1 sum
suspect cell,RA02,10,sup,44,"1,51 - 2,00",fails both block sum and Tav. 1 sum
suspect cell,RA02,32,sup,44,"500,01 - 1.000,00",fails both block sum and Tav. 1 sum
suspect cell,RA02,21,sup,44,"15,01 - 20,00",fails both block sum and Tav. 1 sum
suspect cell,RA02,12,sup,44,"2,51 - 3,00",fails both block sum and Tav. 1 sum
suspect cell,RA02,34,sup,44,oltre 2.500,fails both block sum and Tav. 1 sum
suspect cell,RA05,3,sup,46,"0,11 - 0,20",fails both block sum and Tav. 1 sum
suspect cell,RA05,14,sup,46,"3,51 - 4,00",fails both block sum and Tav. 1 sum
suspect cell,RA05,5,sup,46,"0,31 - 0,40",fails both block sum and Tav. 1 sum
suspect cell,RA05,27,sup,46,"75,01 - 100,00",fails both block sum and Tav. 1 sum
suspect cell,RA05,25,sup,46,"40,01 - 50,00",fails both block sum and Tav. 1 sum
suspect cell,RA05,16,sup,46,"4,51 - 5,00",fails both block sum and Tav. 1 sum
suspect cell,RA05,7,sup,46,"0,51 - 0,75",fails both block sum and Tav. 1 sum
suspect cell,RA05,18,sup,46,"7,51 - 10,00",fails both block sum and Tav. 1 sum
suspect cell,RA05,29,sup,46,"150,01 - 200,00",fails both block sum and Tav. 1 sum
suspect cell,RA05,20,sup,46,"12,51 - 15,00",fails both block sum and Tav. 1 sum
suspect cell,RA05,31,sup,46,"250,01 - 500,00",fails both block sum and Tav. 1 sum
suspect cell,RA05,22,sup,46,"20,01 - 25,00",fails both block sum and Tav. 1 sum
suspect cell,RA05,9,sup,46,"1,01 - 1,50",fails both block sum and Tav. 1 sum
suspect cell,RA05,23,sup,46,"25,01 - 30,00",fails both block sum and Tav. 1 sum
suspect cell,RA05,11,sup,46,"2,01 - 2,50",fails both block sum and Tav. 1 sum
suspect cell,RA05,33,sup,46,"1.000,01 - 2.500,00",fails both block sum and Tav. 1 sum
suspect cell,RA05,2,sup,46,"fino a 0,10",fails both block sum and Tav. 1 sum
suspect cell,RA05,13,sup,46,"3,01 - 3,50",fails both block sum and Tav. 1 sum
suspect cell,RA05,24,sup,46,"30,01 - 40,00",fails both block sum and Tav. 1 sum
suspect cell,RA05,15,sup,46,"4,01 - 4,50",fails both block sum and Tav. 1 sum
suspect cell,RA05,26,sup,46,"50,01 - 75,00",fails both block sum and Tav. 1 sum
suspect cell,RA05,6,sup,46,"0,41 - 0,50",fails both block sum and Tav. 1 sum
suspect cell,RA05,4,sup,46,"0,21 - 0,30",fails both block sum and Tav. 1 sum
suspect cell,RA05,17,sup,46,"5,01 - 7,50",fails both block sum and Tav. 1 sum
suspect cell,RA05,28,sup,46,"100,01 - 150,00",fails both block sum and Tav. 1 sum
suspect cell,RA05,8,sup,46,"0,76 - 1,00",fails both block sum and Tav. 1 sum
suspect cell,RA05,19,sup,46,"10,01 - 12,50",fails both block sum and Tav. 1 sum
suspect cell,RA05,30,sup,46,"200,01 - 250,00",fails both block sum and Tav. 1 sum
suspect cell,RA05,10,sup,46,"1,51 - 2,00",fails both block sum and Tav. 1 sum
suspect cell,RA05,32,sup,46,"500,01 - 1.000,00",fails both block sum and Tav. 1 sum
suspect cell,RA05,21,sup,46,"15,01 - 20,00",fails both block sum and Tav. 1 sum
suspect cell,RA05,12,sup,46,"2,51 - 3,00",fails both block sum and Tav. 1 sum
suspect cell,RA05,34,sup,46,oltre 2.500,fails both block sum and Tav. 1 sum
suspect cell,RA06,3,sup,46,"0,11 - 0,20",fails both block sum and Tav. 1 sum
suspect cell,RA06,14,sup,46,"3,51 - 4,00",fails both block sum and Tav. 1 sum
suspect cell,RA06,5,sup,46,"0,31 - 0,40",fails both block sum and Tav. 1 sum
suspect cell,RA06,27,sup,46,"75,01 - 100,00",fails both block sum and Tav. 1 sum
suspect cell,RA06,25,sup,46,"40,01 - 50,00",fails both block sum and Tav. 1 sum
suspect cell,RA06,16,sup,46,"4,51 - 5,00",fails both block sum and Tav. 1 sum
suspect cell,RA06,7,sup,46,"0,51 - 0,75",fails both block sum and Tav. 1 sum
suspect cell,RA06,18,sup,46,"7,51 - 10,00",fails both block sum and Tav. 1 sum
suspect cell,RA06,29,sup,46,"150,01 - 200,00",fails both block sum and Tav. 1 sum
suspect cell,RA06,20,sup,46,"12,51 - 15,00",fails both block sum and Tav. 1 sum
suspect cell,RA06,31,sup,46,"250,01 - 500,00",fails both block sum and Tav. 1 sum
suspect cell,RA06,22,sup,46,"20,01 - 25,00",fails both block sum and Tav. 1 sum
suspect cell,RA06,9,sup,46,"1,01 - 1,50",fails both block sum and Tav. 1 sum
suspect cell,RA06,23,sup,46,"25,01 - 30,00",fails both block sum and Tav. 1 sum
suspect cell,RA06,11,sup,46,"2,01 - 2,50",fails both block sum and Tav. 1 sum
suspect cell,RA06,33,sup,46,"1.000,01 - 2.500,00",fails both block sum and Tav. 1 sum
suspect cell,RA06,2,sup,46,"fino a 0,10",fails both block sum and Tav. 1 sum
suspect cell,RA06,13,sup,46,"3,01 - 3,50",fails both block sum and Tav. 1 sum
suspect cell,RA06,24,sup,46,"30,01 - 40,00",fails both block sum and Tav. 1 sum
suspect cell,RA06,15,sup,46,"4,01 - 4,50",fails both block sum and Tav. 1 sum
suspect cell,RA06,26,sup,46,"50,01 - 75,00",fails both block sum and Tav. 1 sum
suspect cell,RA06,6,sup,46,"0,41 - 0,50",fails both block sum and Tav. 1 sum
suspect cell,RA06,4,sup,46,"0,21 - 0,30",fails both block sum and Tav. 1 sum
suspect cell,RA06,17,sup,46,"5,01 - 7,50",fails both block sum and Tav. 1 sum
suspect cell,RA06,28,sup,46,"100,01 - 150,00",fails both block sum and Tav. 1 sum
suspect cell,RA06,8,sup,46,"0,76 - 1,00",fails both block sum and Tav. 1 sum
suspect cell,RA06,19,sup,46,"10,01 - 12,50",fails both block sum and Tav. 1 sum
suspect cell,RA06,30,sup,46,"200,01 - 250,00",fails both block sum and Tav. 1 sum
suspect cell,RA06,10,sup,46,"1,51 - 2,00",fails both block sum and Tav. 1 sum
suspect cell,RA06,32,sup,46,"500,01 - 1.000,00",fails both block sum and Tav. 1 sum
suspect cell,RA06,21,sup,46,"15,01 - 20,00",fails both block sum and Tav. 1 sum
suspect cell,RA06,12,sup,46,"2,51 - 3,00",fails both block sum and Tav. 1 sum
suspect cell,RA06,34,sup,46,oltre 2.500,fails both block sum and Tav. 1 sum
suspect cell,RA11,8,az,49,"0,76 - 1,00",fails both block sum and Tav. 1 sum
suspect cell,RA11,19,az,49,"10,01 - 12,50",fails both block sum and Tav. 1 sum
suspect cell,RA11,30,az,49,"200,01 - 250,00",fails both block sum and Tav. 1 sum
suspect cell,RA11,10,az,49,"1,51 - 2,00",fails both block sum and Tav. 1 sum
suspect cell,RA11,32,az,49,"500,01 - 1.000,00",fails both block sum and Tav. 1 sum
suspect cell,RA11,21,az,49,"15,01 - 20,00",fails both block sum and Tav. 1 sum
suspect cell,RA11,12,az,49,"2,51 - 3,00",fails both block sum and Tav. 1 sum
suspect cell,RA11,23,az,49,"25,01 - 30,00",fails both block sum and Tav. 1 sum
suspect cell,RA11,3,az,49,"0,11 - 0,20",fails both block sum and Tav. 1 sum
suspect cell,RA11,14,az,49,"3,51 - 4,00",fails both block sum and Tav. 1 sum
suspect cell,RA11,34,az,49,oltre 2.500,fails both block sum and Tav. 1 sum
suspect cell,RA11,5,az,49,"0,31 - 0,40",fails both block sum and Tav. 1 sum
suspect cell,RA11,27,az,49,"75,01 - 100,00",fails both block sum and Tav. 1 sum
suspect cell,RA11,25,az,49,"40,01 - 50,00",fails both block sum and Tav. 1 sum
suspect cell,RA11,28,az,49,"100,01 - 150,00",fails both block sum and Tav. 1 sum
suspect cell,RA11,16,az,49,"4,51 - 5,00",fails both block sum and Tav. 1 sum
suspect cell,RA11,7,az,49,"0,51 - 0,75",fails both block sum and Tav. 1 sum
suspect cell,RA11,18,az,49,"7,51 - 10,00",fails both block sum and Tav. 1 sum
suspect cell,RA11,29,az,49,"150,01 - 200,00",fails both block sum and Tav. 1 sum
suspect cell,RA11,20,az,49,"12,51 - 15,00",fails both block sum and Tav. 1 sum
suspect cell,RA11,31,az,49,"250,01 - 500,00",fails both block sum and Tav. 1 sum
suspect cell,RA11,22,az,49,"20,01 - 25,00",fails both block sum and Tav. 1 sum
suspect cell,RA11,9,az,49,"1,01 - 1,50",fails both block sum and Tav. 1 sum
suspect cell,RA11,11,az,49,"2,01 - 2,50",fails both block sum and Tav. 1 sum
suspect cell,RA11,33,az,49,"1.000,01 - 2.500,00",fails both block sum and Tav. 1 sum
suspect cell,RA11,2,az,49,"fino a 0,10",fails both block sum and Tav. 1 sum
suspect cell,RA11,13,az,49,"3,01 - 3,50",fails both block sum and Tav. 1 sum
suspect cell,RA11,24,az,49,"30,01 - 40,00",fails both block sum and Tav. 1 sum
suspect cell,RA11,15,az,49,"4,01 - 4,50",fails both block sum and Tav. 1 sum
suspect cell,RA11,26,az,49,"50,01 - 75,00",fails both block sum and Tav. 1 sum
suspect cell,RA11,6,az,49,"0,41 - 0,50",fails both block sum and Tav. 1 sum
suspect cell,RA11,4,az,49,"0,21 - 0,30",fails both block sum and Tav. 1 sum
suspect cell,RA11,17,az,49,"5,01 - 7,50",fails both block sum and Tav. 1 sum
suspect cell,RA10,8,az,48,"0,76 - 1,00",fails both block sum and Tav. 1 sum
suspect cell,RA10,19,az,48,"10,01 - 12,50",fails both block sum and Tav. 1 sum
suspect cell,RA10,30,az,48,"200,01 - 250,00",fails both block sum and Tav. 1 sum
suspect cell,RA10,10,az,48,"1,51 - 2,00",fails both block sum and Tav. 1 sum
suspect cell,RA10,32,az,48,"500,01 - 1.000,00",fails both block sum and Tav. 1 sum
suspect cell,RA10,21,az,48,"15,01 - 20,00",fails both block sum and Tav. 1 sum
suspect cell,RA10,12,az,48,"2,51 - 3,00",fails both block sum and Tav. 1 sum
suspect cell,RA10,23,az,48,"25,01 - 30,00",fails both block sum and Tav. 1 sum
suspect cell,RA10,3,az,48,"0,11 - 0,20",fails both block sum and Tav. 1 sum
suspect cell,RA10,14,az,48,"3,51 - 4,00",fails both block sum and Tav. 1 sum
suspect cell,RA10,34,az,48,oltre 2.500,fails both block sum and Tav. 1 sum
suspect cell,RA10,5,az,48,"0,31 - 0,40",fails both block sum and Tav. 1 sum
suspect cell,RA10,27,az,48,"75,01 - 100,00",fails both block sum and Tav. 1 sum
suspect cell,RA10,25,az,48,"40,01 - 50,00",fails both block sum and Tav. 1 sum
suspect cell,RA10,28,az,48,"100,01 - 150,00",fails both block sum and Tav. 1 sum
suspect cell,RA10,16,az,48,"4,51 - 5,00",fails both block sum and Tav. 1 sum
suspect cell,RA10,7,az,48,"0,51 - 0,75",fails both block sum and Tav. 1 sum
suspect cell,RA10,18,az,48,"7,51 - 10,00",fails both block sum and Tav. 1 sum
suspect cell,RA10,29,az,48,"150,01 - 200,00",fails both block sum and Tav. 1 sum
suspect cell,RA10,20,az,48,"12,51 - 15,00",fails both block sum and Tav. 1 sum
suspect cell,RA10,31,az,48,"250,01 - 500,00",fails both block sum and Tav. 1 sum
suspect cell,RA10,22,az,48,"20,01 - 25,00",fails both block sum and Tav. 1 sum
suspect cell,RA10,9,az,48,"1,01 - 1,50",fails both block sum and Tav. 1 sum
suspect cell,RA10,11,az,48,"2,01 - 2,50",fails both block sum and Tav. 1 sum
suspect cell,RA10,33,az,48,"1.000,01 - 2.500,00",fails both block sum and Tav. 1 sum
suspect cell,RA10,2,az,48,"fino a 0,10",fails both block sum and Tav. 1 sum
suspect cell,RA10,13,az,48,"3,01 - 3,50",fails both block sum and Tav. 1 sum
suspect cell,RA10,24,az,48,"30,01 - 40,00",fails both block sum and Tav. 1 sum
suspect cell,RA10,15,az,48,"4,01 - 4,50",fails both block sum and Tav. 1 sum
suspect cell,RA10,26,az,48,"50,01 - 75,00",fails both block sum and Tav. 1 sum
suspect cell,RA10,6,az,48,"0,41 - 0,50",fails both block sum and Tav. 1 sum
suspect cell,RA10,4,az,48,"0,21 - 0,30",fails both block sum and Tav. 1 sum
suspect cell,RA10,17,az,48,"5,01 - 7,50",fails both block sum and Tav. 1 sum
suspect cell,RA15,8,az,51,"0,76 - 1,00",fails both block sum and Tav. 1 sum
suspect cell,RA15,19,az,51,"10,01 - 12,50",fails both block sum and Tav. 1 sum
suspect cell,RA15,30,az,51,"200,01 - 250,00",fails both block sum and Tav. 1 sum
suspect cell,RA15,10,az,51,"1,51 - 2,00",fails both block sum and Tav. 1 sum
suspect cell,RA15,32,az,51,"500,01 - 1.000,00",fails both block sum and Tav. 1 sum
suspect cell,RA15,21,az,51,"15,01 - 20,00",fails both block sum and Tav. 1 sum
suspect cell,RA15,12,az,51,"2,51 - 3,00",fails both block sum and Tav. 1 sum
suspect cell,RA15,23,az,51,"25,01 - 30,00",fails both block sum and Tav. 1 sum
suspect cell,RA15,3,az,51,"0,11 - 0,20",fails both block sum and Tav. 1 sum
suspect cell,RA15,14,az,51,"3,51 - 4,00",fails both block sum and Tav. 1 sum
suspect cell,RA15,34,az,51,oltre 2.500,fails both block sum and Tav. 1 sum
suspect cell,RA15,5,az,51,"0,31 - 0,40",fails both block sum and Tav. 1 sum
suspect cell,RA15,27,az,51,"75,01 - 100,00",fails both block sum and Tav. 1 sum
suspect cell,RA15,25,az,51,"40,01 - 50,00",fails both block sum and Tav. 1 sum
suspect cell,RA15,28,az,51,"100,01 - 150,00",fails both block sum and Tav. 1 sum
suspect cell,RA15,16,az,51,"4,51 - 5,00",fails both block sum and Tav. 1 sum
suspect cell,RA15,7,az,51,"0,51 - 0,75",fails both block sum and Tav. 1 sum
suspect cell,RA15,18,az,51,"7,51 - 10,00",fails both block sum and Tav. 1 sum
suspect cell,RA15,29,az,51,"150,01 - 200,00",fails both block sum and Tav. 1 sum
suspect cell,RA15,20,az,51,"12,51 - 15,00",fails both block sum and Tav. 1 sum
suspect cell,RA15,31,az,51,"250,01 - 500,00",fails both block sum and Tav. 1 sum
suspect cell,RA15,22,az,51,"20,01 - 25,00",fails both block sum and Tav. 1 sum
suspect cell,RA15,9,az,51,"1,01 - 1,50",fails both block sum and Tav. 1 sum
suspect cell,RA15,11,az,51,"2,01 - 2,50",fails both block sum and Tav. 1 sum
suspect cell,RA15,33,az,51,"1.000,01 - 2.500,00",fails both block sum and Tav. 1 sum
suspect cell,RA15,2,az,51,"fino a 0,10",fails both block sum and Tav. 1 sum
suspect cell,RA15,13,az,51,"3,01 - 3,50",fails both block sum and Tav. 1 sum
suspect cell,RA15,24,az,51,"30,01 - 40,00",fails both block sum and Tav. 1 sum
suspect cell,RA15,15,az,51,"4,01 - 4,50",fails both block sum and Tav. 1 sum
suspect cell,RA15,26,az,51,"50,01 - 75,00",fails both block sum and Tav. 1 sum
suspect cell,RA15,6,az,51,"0,41 - 0,50",fails both block sum and Tav. 1 sum
suspect cell,RA15,4,az,51,"0,21 - 0,30",fails both block sum and Tav. 1 sum
suspect cell,RA15,17,az,51,"5,01 - 7,50",fails both block sum and Tav. 1 sum
suspect cell,RA14,8,az,50,"0,76 - 1,00",fails both block sum and Tav. 1 sum
suspect cell,RA14,19,az,50,"10,01 - 12,50",fails both block sum and Tav. 1 sum
suspect cell,RA14,30,az,50,"200,01 - 250,00",fails both block sum and Tav. 1 sum
suspect cell,RA14,10,az,50,"1,51 - 2,00",fails both block sum and Tav. 1 sum
suspect cell,RA14,32,az,50,"500,01 - 1.000,00",fails both block sum and Tav. 1 sum
suspect cell,RA14,21,az,50,"15,01 - 20,00",fails both block sum and Tav. 1 sum
suspect cell,RA14,12,az,50,"2,51 - 3,00",fails both block sum and Tav. 1 sum
suspect cell,RA14,23,az,50,"25,01 - 30,00",fails both block sum and Tav. 1 sum
suspect cell,RA14,3,az,50,"0,11 - 0,20",fails both block sum and Tav. 1 sum
suspect cell,RA14,14,az,50,"3,51 - 4,00",fails both block sum and Tav. 1 sum
suspect cell,RA14,34,az,50,oltre 2.500,fails both block sum and Tav. 1 sum
suspect cell,RA14,5,az,50,"0,31 - 0,40",fails both block sum and Tav. 1 sum
suspect cell,RA14,27,az,50,"75,01 - 100,00",fails both block sum and Tav. 1 sum
suspect cell,RA14,25,az,50,"40,01 - 50,00",fails both block sum and Tav. 1 sum
suspect cell,RA14,28,az,50,"100,01 - 150,00",fails both block sum and Tav. 1 sum
suspect cell,RA14,16,az,50,"4,51 - 5,00",fails both block sum and Tav. 1 sum
suspect cell,RA14,7,az,50,"0,51 - 0,75",fails both block sum and Tav. 1 sum
suspect cell,RA14,18,az,50,"7,51 - 10,00",fails both block sum and Tav. 1 sum
suspect cell,RA14,29,az,50,"150,01 - 200,00",fails both block sum and Tav. 1 sum
suspect cell,RA14,20,az,50,"12,51 - 15,00",fails both block sum and Tav. 1 sum
suspect cell,RA14,31,az,50,"250,01 - 500,00",fails both block sum and Tav. 1 sum
suspect cell,RA14,22,az,50,"20,01 - 25,00",fails both block sum and Tav. 1 sum
suspect cell,RA14,9,az,50,"1,01 - 1,50",fails both block sum and Tav. 1 sum
suspect cell,RA14,11,az,50,"2,01 - 2,50",fails both block sum and Tav. 1 sum
suspect cell,RA14,33,az,50,"1.000,01 - 2.500,00",fails both block sum and Tav. 1 sum
suspect cell,RA14,2,az,50,"fino a 0,10",fails both block sum and Tav. 1 sum
suspect cell,RA14,13,az,50,"3,01 - 3,50",fails both block sum and Tav. 1 sum
suspect cell,RA14,24,az,50,"30,01 - 40,00",fails both block sum and Tav. 1 sum
suspect cell,RA14,15,az,50,"4,01 - 4,50",fails both block sum and Tav. 1 sum
suspect cell,RA14,26,az,50,"50,01 - 75,00",fails both block sum and Tav. 1 sum
suspect cell,RA14,6,az,50,"0,41 - 0,50",fails both block sum and Tav. 1 sum
suspect cell,RA14,4,az,50,"0,21 - 0,30",fails both block sum and Tav. 1 sum
suspect cell,RA14,17,az,50,"5,01 - 7,50",fails both block sum and Tav. 1 sum
suspect cell,RA04,3,sup,45,"0,11 - 0,20",fails both block sum and Tav. 1 sum
suspect cell,RA04,14,sup,45,"3,51 - 4,00",fails both block sum and Tav. 1 sum
suspect cell,RA04,5,sup,45,"0,31 - 0,40",fails both block sum and Tav. 1 sum
suspect cell,RA04,27,sup,45,"75,01 - 100,00",fails both block sum and Tav. 1 sum
suspect cell,RA04,25,sup,45,"40,01 - 50,00",fails both block sum and Tav. 1 sum
suspect cell,RA04,16,sup,45,"4,51 - 5,00",fails both block sum and Tav. 1 sum
suspect cell,RA04,7,sup,45,"0,51 - 0,75",fails both block sum and Tav. 1 sum
suspect cell,RA04,18,sup,45,"7,51 - 10,00",fails both block sum and Tav. 1 sum
suspect cell,RA04,29,sup,45,"150,01 - 200,00",fails both block sum and Tav. 1 sum
suspect cell,RA04,20,sup,45,"12,51 - 15,00",fails both block sum and Tav. 1 sum
suspect cell,RA04,31,sup,45,"250,01 - 500,00",fails both block sum and Tav. 1 sum
suspect cell,RA04,22,sup,45,"20,01 - 25,00",fails both block sum and Tav. 1 sum
suspect cell,RA04,9,sup,45,"1,01 - 1,50",fails both block sum and Tav. 1 sum
suspect cell,RA04,23,sup,45,"25,01 - 30,00",fails both block sum and Tav. 1 sum
suspect cell,RA04,11,sup,45,"2,01 - 2,50",fails both block sum and Tav. 1 sum
suspect cell,RA04,33,sup,45,"1.000,01 - 2.500,00",fails both block sum and Tav. 1 sum
suspect cell,RA04,2,sup,45,"fino a 0,10",fails both block sum and Tav. 1 sum
suspect cell,RA04,13,sup,45,"3,01 - 3,50",fails both block sum and Tav. 1 sum
suspect cell,RA04,24,sup,45,"30,01 - 40,00",fails both block sum and Tav. 1 sum
suspect cell,RA04,15,sup,45,"4,01 - 4,50",fails both block sum and Tav. 1 sum
suspect cell,RA04,26,sup,45,"50,01 - 75,00",fails both block sum and Tav. 1 sum
suspect cell,RA04,6,sup,45,"0,41 - 0,50",fails both block sum and Tav. 1 sum
suspect cell,RA04,4,sup,45,"0,21 - 0,30",fails both block sum and Tav. 1 sum
suspect cell,RA04,17,sup,45,"5,01 - 7,50",fails both block sum and Tav. 1 sum
suspect cell,RA04,28,sup,45,"100,01 - 150,00",fails both block sum and Tav. 1 sum
suspect cell,RA04,8,sup,45,"0,76 - 1,00",fails both block sum and Tav. 1 sum
suspect cell,RA04,19,sup,45,"10,01 - 12,50",fails both block sum and Tav. 1 sum
suspect cell,RA04,30,sup,45,"200,01 - 250,00",fails both block sum and Tav. 1 sum
suspect cell,RA04,10,sup,45,"1,51 - 2,00",fails both block sum and Tav. 1 sum
suspect cell,RA04,32,sup,45,"500,01 - 1.000,00",fails both block sum and Tav. 1 sum
suspect cell,RA04,21,sup,45,"15,01 - 20,00",fails both block sum and Tav. 1 sum
suspect cell,RA04,12,sup,45,"2,51 - 3,00",fails both block sum and Tav. 1 sum
suspect cell,RA04,34,sup,45,oltre 2.500,fails both block sum and Tav. 1 sum
suspect cell,TAV1,8,az,13,"0,76 - 1,00",fails both block sum and Tav. 1 sum
suspect cell,TAV1,19,az,13,"10,01 - 12,50",fails both block sum and Tav. 1 sum
suspect cell,TAV1,30,az,13,"200,01 - 250,00",fails both block sum and Tav. 1 sum
suspect cell,TAV1,10,az,13,"1,51 - 2,00",fails both block sum and Tav. 1 sum
suspect cell,TAV1,32,az,13,"500,01 - 1.000,00",fails both block sum and Tav. 1 sum
suspect cell,TAV1,21,az,13,"15,01 - 20,00",fails both block sum and Tav. 1 sum
suspect cell,TAV1,12,az,13,"2,51 - 3,00",fails both block sum and Tav. 1 sum
suspect cell,TAV1,23,az,13,"25,01 - 30,00",fails both block sum and Tav. 1 sum
suspect cell,TAV1,3,az,13,"0,11 - 0,20",fails both block sum and Tav. 1 sum
suspect cell,TAV1,14,az,13,"3,51 - 4,00",fails both block sum and Tav. 1 sum
suspect cell,TAV1,34,az,13,oltre 2.500,fails both block sum and Tav. 1 sum
suspect cell,TAV1,5,az,13,"0,31 - 0,40",fails both block sum and Tav. 1 sum
suspect cell,TAV1,27,az,13,"75,01 - 100,00",fails both block sum and Tav. 1 sum
suspect cell,TAV1,25,az,13,"40,01 - 50,00",fails both block sum and Tav. 1 sum
suspect cell,TAV1,28,az,13,"100,01 - 150,00",fails both block sum and Tav. 1 sum
suspect cell,TAV1,16,az,13,"4,51 - 5,00",fails both block sum and Tav. 1 sum
suspect cell,TAV1,7,az,13,"0,51 - 0,75",fails both block sum and Tav. 1 sum
suspect cell,TAV1,18,az,13,"7,51 - 10,00",fails both block sum and Tav. 1 sum
suspect cell,TAV1,29,az,13,"150,01 - 200,00",fails both block sum and Tav. 1 sum
suspect cell,TAV1,20,az,13,"12,51 - 15,00",fails both block sum and Tav. 1 sum
suspect cell,TAV1,31,az,13,"250,01 - 500,00",fails both block sum and Tav. 1 sum
suspect cell,TAV1,22,az,13,"20,01 - 25,00",fails both block sum and Tav. 1 sum
suspect cell,TAV1,9,az,13,"1,01 - 1,50",fails both block sum and Tav. 1 sum
suspect cell,TAV1,11,az,13,"2,01 - 2,50",fails both block sum and Tav. 1 sum
suspect cell,TAV1,33,az,13,"1.000,01 - 2.500,00",fails both block sum and Tav. 1 sum
suspect cell,TAV1,2,az,13,"fino a 0,10",fails both block sum and Tav. 1 sum
suspect cell,TAV1,13,az,13,"3,01 - 3,50",fails both block sum and Tav. 1 sum
suspect cell,TAV1,24,az,13,"30,01 - 40,00",fails both block sum and Tav. 1 sum
suspect cell,TAV1,15,az,13,"4,01 - 4,50",fails both block sum and Tav. 1 sum
suspect cell,TAV1,26,az,13,"50,01 - 75,00",fails both block sum and Tav. 1 sum
suspect cell,TAV1,6,az,13,"0,41 - 0,50",fails both block sum and Tav. 1 sum
suspect cell,TAV1,4,az,13,"0,21 - 0,30",fails both block sum and Tav. 1 sum
suspect cell,TAV1,17,az,13,"5,01 - 7,50",fails both block sum and Tav. 1 sum
suspect cell,RA02,8,az,44,"0,76 - 1,00",fails both block sum and Tav. 1 sum
suspect cell,RA02,19,az,44,"10,01 - 12,50",fails both block sum and Tav. 1 sum
suspect cell,RA02,30,az,44,"200,01 - 250,00",fails both block sum and Tav. 1 sum
suspect cell,RA02,10,az,44,"1,51 - 2,00",fails both block sum and Tav. 1 sum
suspect cell,RA02,32,az,44,"500,01 - 1.000,00",fails both block sum and Tav. 1 sum
suspect cell,RA02,21,az,44,"15,01 - 20,00",fails both block sum and Tav. 1 sum
suspect cell,RA02,12,az,44,"2,51 - 3,00",fails both block sum and Tav. 1 sum
suspect cell,RA02,23,az,44,"25,01 - 30,00",fails both block sum and Tav. 1 sum
suspect cell,RA02,3,az,44,"0,11 - 0,20",fails both block sum and Tav. 1 sum
suspect cell,RA02,14,az,44,"3,51 - 4,00",fails both block sum and Tav. 1 sum
suspect cell,RA02,34,az,44,oltre 2.500,fails both block sum and Tav. 1 sum
suspect cell,RA02,5,az,44,"0,31 - 0,40",fails both block sum and Tav. 1 sum
suspect cell,RA02,27,az,44,"75,01 - 100,00",fails both block sum and Tav. 1 sum
suspect cell,RA02,25,az,44,"40,01 - 50,00",fails both block sum and Tav. 1 sum
suspect cell,RA02,28,az,44,"100,01 - 150,00",fails both block sum and Tav. 1 sum
suspect cell,RA02,16,az,44,"4,51 - 5,00",fails both block sum and Tav. 1 sum
suspect cell,RA02,7,az,44,"0,51 - 0,75",fails both block sum and Tav. 1 sum
suspect cell,RA02,18,az,44,"7,51 - 10,00",fails both block sum and Tav. 1 sum
suspect cell,RA02,29,az,44,"150,01 - 200,00",fails both block sum and Tav. 1 sum
suspect cell,RA02,20,az,44,"12,51 - 15,00",fails both block sum and Tav. 1 sum
suspect cell,RA02,31,az,44,"250,01 - 500,00",fails both block sum and Tav. 1 sum
suspect cell,RA02,22,az,44,"20,01 - 25,00",fails both block sum and Tav. 1 sum
suspect cell,RA02,9,az,44,"1,01 - 1,50",fails both block sum and Tav. 1 sum
suspect cell,RA02,11,az,44,"2,01 - 2,50",fails both block sum and Tav. 1 sum
suspect cell,RA02,33,az,44,"1.000,01 - 2.500,00",fails both block sum and Tav. 1 sum
suspect cell,RA02,2,az,44,"fino a 0,10",fails both block sum and Tav. 1 sum
suspect cell,RA02,13,az,44,"3,01 - 3,50",fails both block sum and Tav. 1 sum
suspect cell,RA02,24,az,44,"30,01 - 40,00",fails both block sum and Tav. 1 sum
suspect cell,RA02,15,az,44,"4,01 - 4,50",fails both block sum and Tav. 1 sum
suspect cell,RA02,26,az,44,"50,01 - 75,00",fails both block sum and Tav. 1 sum
suspect cell,RA02,6,az,44,"0,41 - 0,50",fails both block sum and Tav. 1 sum
suspect cell,RA02,4,az,44,"0,21 - 0,30",fails both block sum and Tav. 1 sum
suspect cell,RA02,17,az,44,"5,01 - 7,50",fails both block sum and Tav. 1 sum
suspect cell,RA05,8,az,46,"0,76 - 1,00",fails both block sum and Tav. 1 sum
suspect cell,RA05,19,az,46,"10,01 - 12,50",fails both block sum and Tav. 1 sum
suspect cell,RA05,30,az,46,"200,01 - 250,00",fails both block sum and Tav. 1 sum
suspect cell,RA05,10,az,46,"1,51 - 2,00",fails both block sum and Tav. 1 sum
suspect cell,RA05,32,az,46,"500,01 - 1.000,00",fails both block sum and Tav. 1 sum
suspect cell,RA05,21,az,46,"15,01 - 20,00",fails both block sum and Tav. 1 sum
suspect cell,RA05,12,az,46,"2,51 - 3,00",fails both block sum and Tav. 1 sum
suspect cell,RA05,23,az,46,"25,01 - 30,00",fails both block sum and Tav. 1 sum
suspect cell,RA05,3,az,46,"0,11 - 0,20",fails both block sum and Tav. 1 sum
suspect cell,RA05,14,az,46,"3,51 - 4,00",fails both block sum and Tav. 1 sum
suspect cell,RA05,34,az,46,oltre 2.500,fails both block sum and Tav. 1 sum
suspect cell,RA05,5,az,46,"0,31 - 0,40",fails both block sum and Tav. 1 sum
suspect cell,RA05,27,az,46,"75,01 - 100,00",fails both block sum and Tav. 1 sum
suspect cell,RA05,25,az,46,"40,01 - 50,00",fails both block sum and Tav. 1 sum
suspect cell,RA05,28,az,46,"100,01 - 150,00",fails both block sum and Tav. 1 sum
suspect cell,RA05,16,az,46,"4,51 - 5,00",fails both block sum and Tav. 1 sum
suspect cell,RA05,7,az,46,"0,51 - 0,75",fails both block sum and Tav. 1 sum
suspect cell,RA05,18,az,46,"7,51 - 10,00",fails both block sum and Tav. 1 sum
suspect cell,RA05,29,az,46,"150,01 - 200,00",fails both block sum and Tav. 1 sum
suspect cell,RA05,20,az,46,"12,51 - 15,00",fails both block sum and Tav. 1 sum
suspect cell,RA05,31,az,46,"250,01 - 500,00",fails both block sum and Tav. 1 sum
suspect cell,RA05,22,az,46,"20,01 - 25,00",fails both block sum and Tav. 1 sum
suspect cell,RA05,9,az,46,"1,01 - 1,50",fails both block sum and Tav. 1 sum
suspect cell,RA05,11,az,46,"2,01 - 2,50",fails both block sum and Tav. 1 sum
suspect cell,RA05,33,az,46,"1.000,01 - 2.500,00",fails both block sum and Tav. 1 sum
suspect cell,RA05,2,az,46,"fino a 0,10",fails both block sum and Tav. 1 sum
suspect cell,RA05,13,az,46,"3,01 - 3,50",fails both block sum and Tav. 1 sum
suspect cell,RA05,24,az,46,"30,01 - 40,00",fails both block sum and Tav. 1 sum
suspect cell,RA05,15,az,46,"4,01 - 4,50",fails both block sum and Tav. 1 sum
suspect cell,RA05,26,az,46,"50,01 - 75,00",fails both block sum and Tav. 1 sum
suspect cell,RA05,6,az,46,"0,41 - 0,50",fails both block sum and Tav. 1 sum
suspect cell,RA05,4,az,46,"0,21 - 0,30",fails both block sum and Tav. 1 sum
suspect cell,RA05,17,az,46,"5,01 - 7,50",fails both block sum and Tav. 1 sum
suspect cell,RA09,3,sup,48,"0,11 - 0,20",fails both block sum and Tav. 1 sum
suspect cell,RA09,14,sup,48,"3,51 - 4,00",fails both block sum and Tav. 1 sum
suspect cell,RA09,5,sup,48,"0,31 - 0,40",fails both block sum and Tav. 1 sum
suspect cell,RA09,27,sup,48,"75,01 - 100,00",fails both block sum and Tav. 1 sum
suspect cell,RA09,25,sup,48,"40,01 - 50,00",fails both block sum and Tav. 1 sum
suspect cell,RA09,16,sup,48,"4,51 - 5,00",fails both block sum and Tav. 1 sum
suspect cell,RA09,7,sup,48,"0,51 - 0,75",fails both block sum and Tav. 1 sum
suspect cell,RA09,18,sup,48,"7,51 - 10,00",fails both block sum and Tav. 1 sum
suspect cell,RA09,29,sup,48,"150,01 - 200,00",fails both block sum and Tav. 1 sum
suspect cell,RA09,20,sup,48,"12,51 - 15,00",fails both block sum and Tav. 1 sum
suspect cell,RA09,31,sup,48,"250,01 - 500,00",fails both block sum and Tav. 1 sum
suspect cell,RA09,22,sup,48,"20,01 - 25,00",fails both block sum and Tav. 1 sum
suspect cell,RA09,9,sup,48,"1,01 - 1,50",fails both block sum and Tav. 1 sum
suspect cell,RA09,23,sup,48,"25,01 - 30,00",fails both block sum and Tav. 1 sum
suspect cell,RA09,11,sup,48,"2,01 - 2,50",fails both block sum and Tav. 1 sum
suspect cell,RA09,33,sup,48,"1.000,01 - 2.500,00",fails both block sum and Tav. 1 sum
suspect cell,RA09,2,sup,48,"fino a 0,10",fails both block sum and Tav. 1 sum
suspect cell,RA09,13,sup,48,"3,01 - 3,50",fails both block sum and Tav. 1 sum
suspect cell,RA09,24,sup,48,"30,01 - 40,00",fails both block sum and Tav. 1 sum
suspect cell,RA09,15,sup,48,"4,01 - 4,50",fails both block sum and Tav. 1 sum
suspect cell,RA09,26,sup,48,"50,01 - 75,00",fails both block sum and Tav. 1 sum
suspect cell,RA09,6,sup,48,"0,41 - 0,50",fails both block sum and Tav. 1 sum
suspect cell,RA09,4,sup,48,"0,21 - 0,30",fails both block sum and Tav. 1 sum
suspect cell,RA09,17,sup,48,"5,01 - 7,50",fails both block sum and Tav. 1 sum
suspect cell,RA09,28,sup,48,"100,01 - 150,00",fails both block sum and Tav. 1 sum
suspect cell,RA09,8,sup,48,"0,76 - 1,00",fails both block sum and Tav. 1 sum
suspect cell,RA09,19,sup,48,"10,01 - 12,50",fails both block sum and Tav. 1 sum
suspect cell,RA09,30,sup,48,"200,01 - 250,00",fails both block sum and Tav. 1 sum
suspect cell,RA09,10,sup,48,"1,51 - 2,00",fails both block sum and Tav. 1 sum
suspect cell,RA09,32,sup,48,"500,01 - 1.000,00",fails both block sum and Tav. 1 sum
suspect cell,RA09,21,sup,48,"15,01 - 20,00",fails both block sum and Tav. 1 sum
suspect cell,RA09,12,sup,48,"2,51 - 3,00",fails both block sum and Tav. 1 sum
suspect cell,RA09,34,sup,48,oltre 2.500,fails both block sum and Tav. 1 sum
suspect cell,RA06,8,az,46,"0,76 - 1,00",fails both block sum and Tav. 1 sum
suspect cell,RA06,19,az,46,"10,01 - 12,50",fails both block sum and Tav. 1 sum
suspect cell,RA06,30,az,46,"200,01 - 250,00",fails both block sum and Tav. 1 sum
suspect cell,RA06,10,az,46,"1,51 - 2,00",fails both block sum and Tav. 1 sum
suspect cell,RA06,32,az,46,"500,01 - 1.000,00",fails both block sum and Tav. 1 sum
suspect cell,RA06,21,az,46,"15,01 - 20,00",fails both block sum and Tav. 1 sum
suspect cell,RA06,12,az,46,"2,51 - 3,00",fails both block sum and Tav. 1 sum
suspect cell,RA06,23,az,46,"25,01 - 30,00",fails both block sum and Tav. 1 sum
suspect cell,RA06,3,az,46,"0,11 - 0,20",fails both block sum and Tav. 1 sum
suspect cell,RA06,14,az,46,"3,51 - 4,00",fails both block sum and Tav. 1 sum
suspect cell,RA06,34,az,46,oltre 2.500,fails both block sum and Tav. 1 sum
suspect cell,RA06,5,az,46,"0,31 - 0,40",fails both block sum and Tav. 1 sum
suspect cell,RA06,27,az,46,"75,01 - 100,00",fails both block sum and Tav. 1 sum
suspect cell,RA06,25,az,46,"40,01 - 50,00",fails both block sum and Tav. 1 sum
suspect cell,RA06,28,az,46,"100,01 - 150,00",fails both block sum and Tav. 1 sum
suspect cell,RA06,16,az,46,"4,51 - 5,00",fails both block sum and Tav. 1 sum
suspect cell,RA06,7,az,46,"0,51 - 0,75",fails both block sum and Tav. 1 sum
suspect cell,RA06,18,az,46,"7,51 - 10,00",fails both block sum and Tav. 1 sum
suspect cell,RA06,29,az,46,"150,01 - 200,00",fails both block sum and Tav. 1 sum
suspect cell,RA06,20,az,46,"12,51 - 15,00",fails both block sum and Tav. 1 sum
suspect cell,RA06,31,az,46,"250,01 - 500,00",fails both block sum and Tav. 1 sum
suspect cell,RA06,22,az,46,"20,01 - 25,00",fails both block sum and Tav. 1 sum
suspect cell,RA06,9,az,46,"1,01 - 1,50",fails both block sum and Tav. 1 sum
suspect cell,RA06,11,az,46,"2,01 - 2,50",fails both block sum and Tav. 1 sum
suspect cell,RA06,33,az,46,"1.000,01 - 2.500,00",fails both block sum and Tav. 1 sum
suspect cell,RA06,2,az,46,"fino a 0,10",fails both block sum and Tav. 1 sum
suspect cell,RA06,13,az,46,"3,01 - 3,50",fails both block sum and Tav. 1 sum
suspect cell,RA06,24,az,46,"30,01 - 40,00",fails both block sum and Tav. 1 sum
suspect cell,RA06,15,az,46,"4,01 - 4,50",fails both block sum and Tav. 1 sum
suspect cell,RA06,26,az,46,"50,01 - 75,00",fails both block sum and Tav. 1 sum
suspect cell,RA06,6,az,46,"0,41 - 0,50",fails both block sum and Tav. 1 sum
suspect cell,RA06,4,az,46,"0,21 - 0,30",fails both block sum and Tav. 1 sum
suspect cell,RA06,17,az,46,"5,01 - 7,50",fails both block sum and Tav. 1 sum
suspect cell,RA07,3,sup,47,"0,11 - 0,20",fails both block sum and Tav. 1 sum
suspect cell,RA07,14,sup,47,"3,51 - 4,00",fails both block sum and Tav. 1 sum
suspect cell,RA07,5,sup,47,"0,31 - 0,40",fails both block sum and Tav. 1 sum
suspect cell,RA07,27,sup,47,"75,01 - 100,00",fails both block sum and Tav. 1 sum
suspect cell,RA07,25,sup,47,"40,01 - 50,00",fails both block sum and Tav. 1 sum
suspect cell,RA07,16,sup,47,"4,51 - 5,00",fails both block sum and Tav. 1 sum
suspect cell,RA07,7,sup,47,"0,51 - 0,75",fails both block sum and Tav. 1 sum
suspect cell,RA07,18,sup,47,"7,51 - 10,00",fails both block sum and Tav. 1 sum
suspect cell,RA07,29,sup,47,"150,01 - 200,00",fails both block sum and Tav. 1 sum
suspect cell,RA07,20,sup,47,"12,51 - 15,00",fails both block sum and Tav. 1 sum
suspect cell,RA07,31,sup,47,"250,01 - 500,00",fails both block sum and Tav. 1 sum
suspect cell,RA07,22,sup,47,"20,01 - 25,00",fails both block sum and Tav. 1 sum
suspect cell,RA07,9,sup,47,"1,01 - 1,50",fails both block sum and Tav. 1 sum
suspect cell,RA07,23,sup,47,"25,01 - 30,00",fails both block sum and Tav. 1 sum
suspect cell,RA07,11,sup,47,"2,01 - 2,50",fails both block sum and Tav. 1 sum
suspect cell,RA07,33,sup,47,"1.000,01 - 2.500,00",fails both block sum and Tav. 1 sum
suspect cell,RA07,2,sup,47,"fino a 0,10",fails both block sum and Tav. 1 sum
suspect cell,RA07,13,sup,47,"3,01 - 3,50",fails both block sum and Tav. 1 sum
suspect cell,RA07,24,sup,47,"30,01 - 40,00",fails both block sum and Tav. 1 sum
suspect cell,RA07,15,sup,47,"4,01 - 4,50",fails both block sum and Tav. 1 sum
suspect cell,RA07,26,sup,47,"50,01 - 75,00",fails both block sum and Tav. 1 sum
suspect cell,RA07,6,sup,47,"0,41 - 0,50",fails both block sum and Tav. 1 sum
suspect cell,RA07,4,sup,47,"0,21 - 0,30",fails both block sum and Tav. 1 sum
suspect cell,RA07,17,sup,47,"5,01 - 7,50",fails both block sum and Tav. 1 sum
suspect cell,RA07,28,sup,47,"100,01 - 150,00",fails both block sum and Tav. 1 sum
suspect cell,RA07,8,sup,47,"0,76 - 1,00",fails both block sum and Tav. 1 sum
suspect cell,RA07,19,sup,47,"10,01 - 12,50",fails both block sum and Tav. 1 sum
suspect cell,RA07,30,sup,47,"200,01 - 250,00",fails both block sum and Tav. 1 sum
suspect cell,RA07,10,sup,47,"1,51 - 2,00",fails both block sum and Tav. 1 sum
suspect cell,RA07,32,sup,47,"500,01 - 1.000,00",fails both block sum and Tav. 1 sum
suspect cell,RA07,21,sup,47,"15,01 - 20,00",fails both block sum and Tav. 1 sum
suspect cell,RA07,12,sup,47,"2,51 - 3,00",fails both block sum and Tav. 1 sum
suspect cell,RA07,34,sup,47,oltre 2.500,fails both block sum and Tav. 1 sum
suspect cell,RA01,3,sup,44,"0,11 - 0,20",fails both block sum and Tav. 1 sum
suspect cell,RA01,14,sup,44,"3,51 - 4,00",fails both block sum and Tav. 1 sum
suspect cell,RA01,5,sup,44,"0,31 - 0,40",fails both block sum and Tav. 1 sum
suspect cell,RA01,27,sup,44,"75,01 - 100,00",fails both block sum and Tav. 1 sum
suspect cell,RA01,25,sup,44,"40,01 - 50,00",fails both block sum and Tav. 1 sum
suspect cell,RA01,16,sup,44,"4,51 - 5,00",fails both block sum and Tav. 1 sum
suspect cell,RA01,7,sup,44,"0,51 - 0,75",fails both block sum and Tav. 1 sum
suspect cell,RA01,18,sup,44,"7,51 - 10,00",fails both block sum and Tav. 1 sum
suspect cell,RA01,29,sup,44,"150,01 - 200,00",fails both block sum and Tav. 1 sum
suspect cell,RA01,20,sup,44,"12,51 - 15,00",fails both block sum and Tav. 1 sum
suspect cell,RA01,31,sup,44,"250,01 - 500,00",fails both block sum and Tav. 1 sum
suspect cell,RA01,22,sup,44,"20,01 - 25,00",fails both block sum and Tav. 1 sum
suspect cell,RA01,9,sup,44,"1,01 - 1,50",fails both block sum and Tav. 1 sum
suspect cell,RA01,23,sup,44,"25,01 - 30,00",fails both block sum and Tav. 1 sum
suspect cell,RA01,11,sup,44,"2,01 - 2,50",fails both block sum and Tav. 1 sum
suspect cell,RA01,33,sup,44,"1.000,01 - 2.500,00",fails both block sum and Tav. 1 sum
suspect cell,RA01,2,sup,44,"fino a 0,10",fails both block sum and Tav. 1 sum
suspect cell,RA01,13,sup,44,"3,01 - 3,50",fails both block sum and Tav. 1 sum
suspect cell,RA01,24,sup,44,"30,01 - 40,00",fails both block sum and Tav. 1 sum
suspect cell,RA01,15,sup,44,"4,01 - 4,50",fails both block sum and Tav. 1 sum
suspect cell,RA01,26,sup,44,"50,01 - 75,00",fails both block sum and Tav. 1 sum
suspect cell,RA01,6,sup,44,"0,41 - 0,50",fails both block sum and Tav. 1 sum
suspect cell,RA01,4,sup,44,"0,21 - 0,30",fails both block sum and Tav. 1 sum
suspect cell,RA01,17,sup,44,"5,01 - 7,50",fails both block sum and Tav. 1 sum
suspect cell,RA01,28,sup,44,"100,01 - 150,00",fails both block sum and Tav. 1 sum
suspect cell,RA01,8,sup,44,"0,76 - 1,00",fails both block sum and Tav. 1 sum
suspect cell,RA01,19,sup,44,"10,01 - 12,50",fails both block sum and Tav. 1 sum
suspect cell,RA01,30,sup,44,"200,01 - 250,00",fails both block sum and Tav. 1 sum
suspect cell,RA01,10,sup,44,"1,51 - 2,00",fails both block sum and Tav. 1 sum
suspect cell,RA01,32,sup,44,"500,01 - 1.000,00",fails both block sum and Tav. 1 sum
suspect cell,RA01,21,sup,44,"15,01 - 20,00",fails both block sum and Tav. 1 sum
suspect cell,RA01,12,sup,44,"2,51 - 3,00",fails both block sum and Tav. 1 sum
suspect cell,RA01,34,sup,44,oltre 2.500,fails both block sum and Tav. 1 sum
suspect cell,RA16,3,sup,51,"0,11 - 0,20",fails both block sum and Tav. 1 sum
suspect cell,RA16,14,sup,51,"3,51 - 4,00",fails both block sum and Tav. 1 sum
suspect cell,RA16,5,sup,51,"0,31 - 0,40",fails both block sum and Tav. 1 sum
suspect cell,RA16,27,sup,51,"75,01 - 100,00",fails both block sum and Tav. 1 sum
suspect cell,RA16,25,sup,51,"40,01 - 50,00",fails both block sum and Tav. 1 sum
suspect cell,RA16,16,sup,51,"4,51 - 5,00",fails both block sum and Tav. 1 sum
suspect cell,RA16,7,sup,51,"0,51 - 0,75",fails both block sum and Tav. 1 sum
suspect cell,RA16,18,sup,51,"7,51 - 10,00",fails both block sum and Tav. 1 sum
suspect cell,RA16,29,sup,51,"150,01 - 200,00",fails both block sum and Tav. 1 sum
suspect cell,RA16,20,sup,51,"12,51 - 15,00",fails both block sum and Tav. 1 sum
suspect cell,RA16,31,sup,51,"250,01 - 500,00",fails both block sum and Tav. 1 sum
suspect cell,RA16,22,sup,51,"20,01 - 25,00",fails both block sum and Tav. 1 sum
suspect cell,RA16,9,sup,51,"1,01 - 1,50",fails both block sum and Tav. 1 sum
suspect cell,RA16,23,sup,51,"25,01 - 30,00",fails both block sum and Tav. 1 sum
suspect cell,RA16,11,sup,51,"2,01 - 2,50",fails both block sum and Tav. 1 sum
suspect cell,RA16,33,sup,51,"1.000,01 - 2.500,00",fails both block sum and Tav. 1 sum
suspect cell,RA16,2,sup,51,"fino a 0,10",fails both block sum and Tav. 1 sum
suspect cell,RA16,13,sup,51,"3,01 - 3,50",fails both block sum and Tav. 1 sum
suspect cell,RA16,24,sup,51,"30,01 - 40,00",fails both block sum and Tav. 1 sum
suspect cell,RA16,15,sup,51,"4,01 - 4,50",fails both block sum and Tav. 1 sum
suspect cell,RA16,26,sup,51,"50,01 - 75,00",fails both block sum and Tav. 1 sum
suspect cell,RA16,6,sup,51,"0,41 - 0,50",fails both block sum and Tav. 1 sum
suspect cell,RA16,4,sup,51,"0,21 - 0,30",fails both block sum and Tav. 1 sum
suspect cell,RA16,17,sup,51,"5,01 - 7,50",fails both block sum and Tav. 1 sum
suspect cell,RA16,28,sup,51,"100,01 - 150,00",fails both block sum and Tav. 1 sum
suspect cell,RA16,8,sup,51,"0,76 - 1,00",fails both block sum and Tav. 1 sum
suspect cell,RA16,19,sup,51,"10,01 - 12,50",fails both block sum and Tav. 1 sum
suspect cell,RA16,30,sup,51,"200,01 - 250,00",fails both block sum and Tav. 1 sum
suspect cell,RA16,10,sup,51,"1,51 - 2,00",fails both block sum and Tav. 1 sum
suspect cell,RA16,32,sup,51,"500,01 - 1.000,00",fails both block sum and Tav. 1 sum
suspect cell,RA16,21,sup,51,"15,01 - 20,00",fails both block sum and Tav. 1 sum
suspect cell,RA16,12,sup,51,"2,51 - 3,00",fails both block sum and Tav. 1 sum
suspect cell,RA16,34,sup,51,oltre 2.500,fails both block sum and Tav. 1 sum
suspect cell,RA04,8,az,45,"0,76 - 1,00",fails both block sum and Tav. 1 sum
suspect cell,RA04,19,az,45,"10,01 - 12,50",fails both block sum and Tav. 1 sum
suspect cell,RA04,30,az,45,"200,01 - 250,00",fails both block sum and Tav. 1 sum
suspect cell,RA04,10,az,45,"1,51 - 2,00",fails both block sum and Tav. 1 sum
suspect cell,RA04,32,az,45,"500,01 - 1.000,00",fails both block sum and Tav. 1 sum
suspect cell,RA04,21,az,45,"15,01 - 20,00",fails both block sum and Tav. 1 sum
suspect cell,RA04,12,az,45,"2,51 - 3,00",fails both block sum and Tav. 1 sum
suspect cell,RA04,23,az,45,"25,01 - 30,00",fails both block sum and Tav. 1 sum
suspect cell,RA04,3,az,45,"0,11 - 0,20",fails both block sum and Tav. 1 sum
suspect cell,RA04,14,az,45,"3,51 - 4,00",fails both block sum and Tav. 1 sum
suspect cell,RA04,34,az,45,oltre 2.500,fails both block sum and Tav. 1 sum
suspect cell,RA04,5,az,45,"0,31 - 0,40",fails both block sum and Tav. 1 sum
suspect cell,RA04,27,az,45,"75,01 - 100,00",fails both block sum and Tav. 1 sum
suspect cell,RA04,25,az,45,"40,01 - 50,00",fails both block sum and Tav. 1 sum
suspect cell,RA04,28,az,45,"100,01 - 150,00",fails both block sum and Tav. 1 sum
suspect cell,RA04,16,az,45,"4,51 - 5,00",fails both block sum and Tav. 1 sum
suspect cell,RA04,7,az,45,"0,51 - 0,75",fails both block sum and Tav. 1 sum
suspect cell,RA04,18,az,45,"7,51 - 10,00",fails both block sum and Tav. 1 sum
suspect cell,RA04,29,az,45,"150,01 - 200,00",fails both block sum and Tav. 1 sum
suspect cell,RA04,20,az,45,"12,51 - 15,00",fails both block sum and Tav. 1 sum
suspect cell,RA04,31,az,45,"250,01 - 500,00",fails both block sum and Tav. 1 sum
suspect cell,RA04,22,az,45,"20,01 - 25,00",fails both block sum and Tav. 1 sum
suspect cell,RA04,9,az,45,"1,01 - 1,50",fails both block sum and Tav. 1 sum
suspect cell,RA04,11,az,45,"2,01 - 2,50",fails both block sum and Tav. 1 sum
suspect cell,RA04,33,az,45,"1.000,01 - 2.500,00",fails both block sum and Tav. 1 sum
suspect cell,RA04,2,az,45,"fino a 0,10",fails both block sum and Tav. 1 sum
suspect cell,RA04,13,az,45,"3,01 - 3,50",fails both block sum and Tav. 1 sum
suspect cell,RA04,24,az,45,"30,01 - 40,00",fails both block sum and Tav. 1 sum
suspect cell,RA04,15,az,45,"4,01 - 4,50",fails both block sum and Tav. 1 sum
suspect cell,RA04,26,az,45,"50,01 - 75,00",fails both block sum and Tav. 1 sum
suspect cell,RA04,6,az,45,"0,41 - 0,50",fails both block sum and Tav. 1 sum
suspect cell,RA04,4,az,45,"0,21 - 0,30",fails both block sum and Tav. 1 sum
suspect cell,RA04,17,az,45,"5,01 - 7,50",fails both block sum and Tav. 1 sum
suspect cell,RA17,3,sup,52,"0,11 - 0,20",fails both block sum and Tav. 1 sum
suspect cell,RA17,14,sup,52,"3,51 - 4,00",fails both block sum and Tav. 1 sum
suspect cell,RA17,5,sup,52,"0,31 - 0,40",fails both block sum and Tav. 1 sum
suspect cell,RA17,27,sup,52,"75,01 - 100,00",fails both block sum and Tav. 1 sum
suspect cell,RA17,25,sup,52,"40,01 - 50,00",fails both block sum and Tav. 1 sum
suspect cell,RA17,16,sup,52,"4,51 - 5,00",fails both block sum and Tav. 1 sum
suspect cell,RA17,7,sup,52,"0,51 - 0,75",fails both block sum and Tav. 1 sum
suspect cell,RA17,18,sup,52,"7,51 - 10,00",fails both block sum and Tav. 1 sum
suspect cell,RA17,29,sup,52,"150,01 - 200,00",fails both block sum and Tav. 1 sum
suspect cell,RA17,20,sup,52,"12,51 - 15,00",fails both block sum and Tav. 1 sum
suspect cell,RA17,31,sup,52,"250,01 - 500,00",fails both block sum and Tav. 1 sum
suspect cell,RA17,22,sup,52,"20,01 - 25,00",fails both block sum and Tav. 1 sum
suspect cell,RA17,9,sup,52,"1,01 - 1,50",fails both block sum and Tav. 1 sum
suspect cell,RA17,23,sup,52,"25,01 - 30,00",fails both block sum and Tav. 1 sum
suspect cell,RA17,11,sup,52,"2,01 - 2,50",fails both block sum and Tav. 1 sum
suspect cell,RA17,33,sup,52,"1.000,01 - 2.500,00",fails both block sum and Tav. 1 sum
suspect cell,RA17,2,sup,52,"fino a 0,10",fails both block sum and Tav. 1 sum
suspect cell,RA17,13,sup,52,"3,01 - 3,50",fails both block sum and Tav. 1 sum
suspect cell,RA17,24,sup,52,"30,01 - 40,00",fails both block sum and Tav. 1 sum
suspect cell,RA17,15,sup,52,"4,01 - 4,50",fails both block sum and Tav. 1 sum
suspect cell,RA17,26,sup,52,"50,01 - 75,00",fails both block sum and Tav. 1 sum
suspect cell,RA17,6,sup,52,"0,41 - 0,50",fails both block sum and Tav. 1 sum
suspect cell,RA17,4,sup,52,"0,21 - 0,30",fails both block sum and Tav. 1 sum
suspect cell,RA17,17,sup,52,"5,01 - 7,50",fails both block sum and Tav. 1 sum
suspect cell,RA17,28,sup,52,"100,01 - 150,00",fails both block sum and Tav. 1 sum
suspect cell,RA17,8,sup,52,"0,76 - 1,00",fails both block sum and Tav. 1 sum
suspect cell,RA17,19,sup,52,"10,01 - 12,50",fails both block sum and Tav. 1 sum
suspect cell,RA17,30,sup,52,"200,01 - 250,00",fails both block sum and Tav. 1 sum
suspect cell,RA17,10,sup,52,"1,51 - 2,00",fails both block sum and Tav. 1 sum
suspect cell,RA17,32,sup,52,"500,01 - 1.000,00",fails both block sum and Tav. 1 sum
suspect cell,RA17,21,sup,52,"15,01 - 20,00",fails both block sum and Tav. 1 sum
suspect cell,RA17,12,sup,52,"2,51 - 3,00",fails both block sum and Tav. 1 sum
suspect cell,RA17,34,sup,52,oltre 2.500,fails both block sum and Tav. 1 sum
suspect cell,RA09,8,az,48,"0,76 - 1,00",fails both block sum and Tav. 1 sum
suspect cell,RA09,19,az,48,"10,01 - 12,50",fails both block sum and Tav. 1 sum
suspect cell,RA09,30,az,48,"200,01 - 250,00",fails both block sum and Tav. 1 sum
suspect cell,RA09,10,az,48,"1,51 - 2,00",fails both block sum and Tav. 1 sum
suspect cell,RA09,32,az,48,"500,01 - 1.000,00",fails both block sum and Tav. 1 sum
suspect cell,RA09,21,az,48,"15,01 - 20,00",fails both block sum and Tav. 1 sum
suspect cell,RA09,12,az,48,"2,51 - 3,00",fails both block sum and Tav. 1 sum
suspect cell,RA09,23,az,48,"25,01 - 30,00",fails both block sum and Tav. 1 sum
suspect cell,RA09,3,az,48,"0,11 - 0,20",fails both block sum and Tav. 1 sum
suspect cell,RA09,14,az,48,"3,51 - 4,00",fails both block sum and Tav. 1 sum
suspect cell,RA09,34,az,48,oltre 2.500,fails both block sum and Tav. 1 sum
suspect cell,RA09,5,az,48,"0,31 - 0,40",fails both block sum and Tav. 1 sum
suspect cell,RA09,27,az,48,"75,01 - 100,00",fails both block sum and Tav. 1 sum
suspect cell,RA09,25,az,48,"40,01 - 50,00",fails both block sum and Tav. 1 sum
suspect cell,RA09,28,az,48,"100,01 - 150,00",fails both block sum and Tav. 1 sum
suspect cell,RA09,16,az,48,"4,51 - 5,00",fails both block sum and Tav. 1 sum
suspect cell,RA09,7,az,48,"0,51 - 0,75",fails both block sum and Tav. 1 sum
suspect cell,RA09,18,az,48,"7,51 - 10,00",fails both block sum and Tav. 1 sum
suspect cell,RA09,29,az,48,"150,01 - 200,00",fails both block sum and Tav. 1 sum
suspect cell,RA09,20,az,48,"12,51 - 15,00",fails both block sum and Tav. 1 sum
suspect cell,RA09,31,az,48,"250,01 - 500,00",fails both block sum and Tav. 1 sum
suspect cell,RA09,22,az,48,"20,01 - 25,00",fails both block sum and Tav. 1 sum
suspect cell,RA09,9,az,48,"1,01 - 1,50",fails both block sum and Tav. 1 sum
suspect cell,RA09,11,az,48,"2,01 - 2,50",fails both block sum and Tav. 1 sum
suspect cell,RA09,33,az,48,"1.000,01 - 2.500,00",fails both block sum and Tav. 1 sum
suspect cell,RA09,2,az,48,"fino a 0,10",fails both block sum and Tav. 1 sum
suspect cell,RA09,13,az,48,"3,01 - 3,50",fails both block sum and Tav. 1 sum
suspect cell,RA09,24,az,48,"30,01 - 40,00",fails both block sum and Tav. 1 sum
suspect cell,RA09,15,az,48,"4,01 - 4,50",fails both block sum and Tav. 1 sum
suspect cell,RA09,26,az,48,"50,01 - 75,00",fails both block sum and Tav. 1 sum
suspect cell,RA09,6,az,48,"0,41 - 0,50",fails both block sum and Tav. 1 sum
suspect cell,RA09,4,az,48,"0,21 - 0,30",fails both block sum and Tav. 1 sum
suspect cell,RA09,17,az,48,"5,01 - 7,50",fails both block sum and Tav. 1 sum
suspect cell,RA07,8,az,47,"0,76 - 1,00",fails both block sum and Tav. 1 sum
suspect cell,RA07,19,az,47,"10,01 - 12,50",fails both block sum and Tav. 1 sum
suspect cell,RA07,30,az,47,"200,01 - 250,00",fails both block sum and Tav. 1 sum
suspect cell,RA07,10,az,47,"1,51 - 2,00",fails both block sum and Tav. 1 sum
suspect cell,RA07,32,az,47,"500,01 - 1.000,00",fails both block sum and Tav. 1 sum
suspect cell,RA07,21,az,47,"15,01 - 20,00",fails both block sum and Tav. 1 sum
suspect cell,RA07,12,az,47,"2,51 - 3,00",fails both block sum and Tav. 1 sum
suspect cell,RA07,23,az,47,"25,01 - 30,00",fails both block sum and Tav. 1 sum
suspect cell,RA07,3,az,47,"0,11 - 0,20",fails both block sum and Tav. 1 sum
suspect cell,RA07,14,az,47,"3,51 - 4,00",fails both block sum and Tav. 1 sum
suspect cell,RA07,34,az,47,oltre 2.500,fails both block sum and Tav. 1 sum
suspect cell,RA07,5,az,47,"0,31 - 0,40",fails both block sum and Tav. 1 sum
suspect cell,RA07,27,az,47,"75,01 - 100,00",fails both block sum and Tav. 1 sum
suspect cell,RA07,25,az,47,"40,01 - 50,00",fails both block sum and Tav. 1 sum
suspect cell,RA07,28,az,47,"100,01 - 150,00",fails both block sum and Tav. 1 sum
suspect cell,RA07,16,az,47,"4,51 - 5,00",fails both block sum and Tav. 1 sum
suspect cell,RA07,7,az,47,"0,51 - 0,75",fails both block sum and Tav. 1 sum
suspect cell,RA07,18,az,47,"7,51 - 10,00",fails both block sum and Tav. 1 sum
suspect cell,RA07,29,az,47,"150,01 - 200,00",fails both block sum and Tav. 1 sum
suspect cell,RA07,20,az,47,"12,51 - 15,00",fails both block sum and Tav. 1 sum
suspect cell,RA07,31,az,47,"250,01 - 500,00",fails both block sum and Tav. 1 sum
suspect cell,RA07,22,az,47,"20,01 - 25,00",fails both block sum and Tav. 1 sum
suspect cell,RA07,9,az,47,"1,01 - 1,50",fails both block sum and Tav. 1 sum
suspect cell,RA07,11,az,47,"2,01 - 2,50",fails both block sum and Tav. 1 sum
suspect cell,RA07,33,az,47,"1.000,01 - 2.500,00",fails both block sum and Tav. 1 sum
suspect cell,RA07,2,az,47,"fino a 0,10",fails both block sum and Tav. 1 sum
suspect cell,RA07,13,az,47,"3,01 - 3,50",fails both block sum and Tav. 1 sum
suspect cell,RA07,24,az,47,"30,01 - 40,00",fails both block sum and Tav. 1 sum
suspect cell,RA07,15,az,47,"4,01 - 4,50",fails both block sum and Tav. 1 sum
suspect cell,RA07,26,az,47,"50,01 - 75,00",fails both block sum and Tav. 1 sum
suspect cell,RA07,6,az,47,"0,41 - 0,50",fails both block sum and Tav. 1 sum
suspect cell,RA07,4,az,47,"0,21 - 0,30",fails both block sum and Tav. 1 sum
suspect cell,RA07,17,az,47,"5,01 - 7,50",fails both block sum and Tav. 1 sum
suspect cell,RA03,3,sup,45,"0,11 - 0,20",fails both block sum and Tav. 1 sum
suspect cell,RA03,14,sup,45,"3,51 - 4,00",fails both block sum and Tav. 1 sum
suspect cell,RA03,5,sup,45,"0,31 - 0,40",fails both block sum and Tav. 1 sum
suspect cell,RA03,27,sup,45,"75,01 - 100,00",fails both block sum and Tav. 1 sum
suspect cell,RA03,25,sup,45,"40,01 - 50,00",fails both block sum and Tav. 1 sum
suspect cell,RA03,16,sup,45,"4,51 - 5,00",fails both block sum and Tav. 1 sum
suspect cell,RA03,7,sup,45,"0,51 - 0,75",fails both block sum and Tav. 1 sum
suspect cell,RA03,18,sup,45,"7,51 - 10,00",fails both block sum and Tav. 1 sum
suspect cell,RA03,29,sup,45,"150,01 - 200,00",fails both block sum and Tav. 1 sum
suspect cell,RA03,20,sup,45,"12,51 - 15,00",fails both block sum and Tav. 1 sum
suspect cell,RA03,31,sup,45,"250,01 - 500,00",fails both block sum and Tav. 1 sum
suspect cell,RA03,22,sup,45,"20,01 - 25,00",fails both block sum and Tav. 1 sum
suspect cell,RA03,9,sup,45,"1,01 - 1,50",fails both block sum and Tav. 1 sum
suspect cell,RA03,23,sup,45,"25,01 - 30,00",fails both block sum and Tav. 1 sum
suspect cell,RA03,11,sup,45,"2,01 - 2,50",fails both block sum and Tav. 1 sum
suspect cell,RA03,33,sup,45,"1.000,01 - 2.500,00",fails both block sum and Tav. 1 sum
suspect cell,RA03,2,sup,45,"fino a 0,10",fails both block sum and Tav. 1 sum
suspect cell,RA03,13,sup,45,"3,01 - 3,50",fails both block sum and Tav. 1 sum
suspect cell,RA03,24,sup,45,"30,01 - 40,00",fails both block sum and Tav. 1 sum
suspect cell,RA03,15,sup,45,"4,01 - 4,50",fails both block sum and Tav. 1 sum
suspect cell,RA03,26,sup,45,"50,01 - 75,00",fails both block sum and Tav. 1 sum
suspect cell,RA03,6,sup,45,"0,41 - 0,50",fails both block sum and Tav. 1 sum
suspect cell,RA03,4,sup,45,"0,21 - 0,30",fails both block sum and Tav. 1 sum
suspect cell,RA03,17,sup,45,"5,01 - 7,50",fails both block sum and Tav. 1 sum
suspect cell,RA03,28,sup,45,"100,01 - 150,00",fails both block sum and Tav. 1 sum
suspect cell,RA03,8,sup,45,"0,76 - 1,00",fails both block sum and Tav. 1 sum
suspect cell,RA03,19,sup,45,"10,01 - 12,50",fails both block sum and Tav. 1 sum
suspect cell,RA03,30,sup,45,"200,01 - 250,00",fails both block sum and Tav. 1 sum
suspect cell,RA03,10,sup,45,"1,51 - 2,00",fails both block sum and Tav. 1 sum
suspect cell,RA03,32,sup,45,"500,01 - 1.000,00",fails both block sum and Tav. 1 sum
suspect cell,RA03,21,sup,45,"15,01 - 20,00",fails both block sum and Tav. 1 sum
suspect cell,RA03,12,sup,45,"2,51 - 3,00",fails both block sum and Tav. 1 sum
suspect cell,RA03,34,sup,45,oltre 2.500,fails both block sum and Tav. 1 sum
suspect cell,RA16,8,az,51,"0,76 - 1,00",fails both block sum and Tav. 1 sum
suspect cell,RA16,19,az,51,"10,01 - 12,50",fails both block sum and Tav. 1 sum
suspect cell,RA16,30,az,51,"200,01 - 250,00",fails both block sum and Tav. 1 sum
suspect cell,RA16,10,az,51,"1,51 - 2,00",fails both block sum and Tav. 1 sum
suspect cell,RA16,32,az,51,"500,01 - 1.000,00",fails both block sum and Tav. 1 sum
suspect cell,RA16,21,az,51,"15,01 - 20,00",fails both block sum and Tav. 1 sum
suspect cell,RA16,12,az,51,"2,51 - 3,00",fails both block sum and Tav. 1 sum
suspect cell,RA16,23,az,51,"25,01 - 30,00",fails both block sum and Tav. 1 sum
suspect cell,RA16,3,az,51,"0,11 - 0,20",fails both block sum and Tav. 1 sum
suspect cell,RA16,14,az,51,"3,51 - 4,00",fails both block sum and Tav. 1 sum
suspect cell,RA16,34,az,51,oltre 2.500,fails both block sum and Tav. 1 sum
suspect cell,RA16,5,az,51,"0,31 - 0,40",fails both block sum and Tav. 1 sum
suspect cell,RA16,27,az,51,"75,01 - 100,00",fails both block sum and Tav. 1 sum
suspect cell,RA16,25,az,51,"40,01 - 50,00",fails both block sum and Tav. 1 sum
suspect cell,RA16,28,az,51,"100,01 - 150,00",fails both block sum and Tav. 1 sum
suspect cell,RA16,16,az,51,"4,51 - 5,00",fails both block sum and Tav. 1 sum
suspect cell,RA16,7,az,51,"0,51 - 0,75",fails both block sum and Tav. 1 sum
suspect cell,RA16,18,az,51,"7,51 - 10,00",fails both block sum and Tav. 1 sum
suspect cell,RA16,29,az,51,"150,01 - 200,00",fails both block sum and Tav. 1 sum
suspect cell,RA16,20,az,51,"12,51 - 15,00",fails both block sum and Tav. 1 sum
suspect cell,RA16,31,az,51,"250,01 - 500,00",fails both block sum and Tav. 1 sum
suspect cell,RA16,22,az,51,"20,01 - 25,00",fails both block sum and Tav. 1 sum
suspect cell,RA16,9,az,51,"1,01 - 1,50",fails both block sum and Tav. 1 sum
suspect cell,RA16,11,az,51,"2,01 - 2,50",fails both block sum and Tav. 1 sum
suspect cell,RA16,33,az,51,"1.000,01 - 2.500,00",fails both block sum and Tav. 1 sum
suspect cell,RA16,2,az,51,"fino a 0,10",fails both block sum and Tav. 1 sum
suspect cell,RA16,13,az,51,"3,01 - 3,50",fails both block sum and Tav. 1 sum
suspect cell,RA16,24,az,51,"30,01 - 40,00",fails both block sum and Tav. 1 sum
suspect cell,RA16,15,az,51,"4,01 - 4,50",fails both block sum and Tav. 1 sum
suspect cell,RA16,26,az,51,"50,01 - 75,00",fails both block sum and Tav. 1 sum
suspect cell,RA16,6,az,51,"0,41 - 0,50",fails both block sum and Tav. 1 sum
suspect cell,RA16,4,az,51,"0,21 - 0,30",fails both block sum and Tav. 1 sum
suspect cell,RA16,17,az,51,"5,01 - 7,50",fails both block sum and Tav. 1 sum
suspect cell,RA01,8,az,44,"0,76 - 1,00",fails both block sum and Tav. 1 sum
suspect cell,RA01,19,az,44,"10,01 - 12,50",fails both block sum and Tav. 1 sum
suspect cell,RA01,30,az,44,"200,01 - 250,00",fails both block sum and Tav. 1 sum
suspect cell,RA01,10,az,44,"1,51 - 2,00",fails both block sum and Tav. 1 sum
suspect cell,RA01,32,az,44,"500,01 - 1.000,00",fails both block sum and Tav. 1 sum
suspect cell,RA01,21,az,44,"15,01 - 20,00",fails both block sum and Tav. 1 sum
suspect cell,RA01,12,az,44,"2,51 - 3,00",fails both block sum and Tav. 1 sum
suspect cell,RA01,23,az,44,"25,01 - 30,00",fails both block sum and Tav. 1 sum
suspect cell,RA01,3,az,44,"0,11 - 0,20",fails both block sum and Tav. 1 sum
suspect cell,RA01,14,az,44,"3,51 - 4,00",fails both block sum and Tav. 1 sum
suspect cell,RA01,34,az,44,oltre 2.500,fails both block sum and Tav. 1 sum
suspect cell,RA01,5,az,44,"0,31 - 0,40",fails both block sum and Tav. 1 sum
suspect cell,RA01,27,az,44,"75,01 - 100,00",fails both block sum and Tav. 1 sum
suspect cell,RA01,25,az,44,"40,01 - 50,00",fails both block sum and Tav. 1 sum
suspect cell,RA01,28,az,44,"100,01 - 150,00",fails both block sum and Tav. 1 sum
suspect cell,RA01,16,az,44,"4,51 - 5,00",fails both block sum and Tav. 1 sum
suspect cell,RA01,7,az,44,"0,51 - 0,75",fails both block sum and Tav. 1 sum
suspect cell,RA01,18,az,44,"7,51 - 10,00",fails both block sum and Tav. 1 sum
suspect cell,RA01,29,az,44,"150,01 - 200,00",fails both block sum and Tav. 1 sum
suspect cell,RA01,20,az,44,"12,51 - 15,00",fails both block sum and Tav. 1 sum
suspect cell,RA01,31,az,44,"250,01 - 500,00",fails both block sum and Tav. 1 sum
suspect cell,RA01,22,az,44,"20,01 - 25,00",fails both block sum and Tav. 1 sum
suspect cell,RA01,9,az,44,"1,01 - 1,50",fails both block sum and Tav. 1 sum
suspect cell,RA01,11,az,44,"2,01 - 2,50",fails both block sum and Tav. 1 sum
suspect cell,RA01,33,az,44,"1.000,01 - 2.500,00",fails both block sum and Tav. 1 sum
suspect cell,RA01,2,az,44,"fino a 0,10",fails both block sum and Tav. 1 sum
suspect cell,RA01,13,az,44,"3,01 - 3,50",fails both block sum and Tav. 1 sum
suspect cell,RA01,24,az,44,"30,01 - 40,00",fails both block sum and Tav. 1 sum
suspect cell,RA01,15,az,44,"4,01 - 4,50",fails both block sum and Tav. 1 sum
suspect cell,RA01,26,az,44,"50,01 - 75,00",fails both block sum and Tav. 1 sum
suspect cell,RA01,6,az,44,"0,41 - 0,50",fails both block sum and Tav. 1 sum
suspect cell,RA01,4,az,44,"0,21 - 0,30",fails both block sum and Tav. 1 sum
suspect cell,RA01,17,az,44,"5,01 - 7,50",fails both block sum and Tav. 1 sum
suspect cell,RA13,8,az,50,"0,76 - 1,00",fails both block sum and Tav. 1 sum
suspect cell,RA13,19,az,50,"10,01 - 12,50",fails both block sum and Tav. 1 sum
suspect cell,RA13,30,az,50,"200,01 - 250,00",fails both block sum and Tav. 1 sum
suspect cell,RA13,10,az,50,"1,51 - 2,00",fails both block sum and Tav. 1 sum
suspect cell,RA13,32,az,50,"500,01 - 1.000,00",fails both block sum and Tav. 1 sum
suspect cell,RA13,21,az,50,"15,01 - 20,00",fails both block sum and Tav. 1 sum
suspect cell,RA13,12,az,50,"2,51 - 3,00",fails both block sum and Tav. 1 sum
suspect cell,RA13,23,az,50,"25,01 - 30,00",fails both block sum and Tav. 1 sum
suspect cell,RA13,3,az,50,"0,11 - 0,20",fails both block sum and Tav. 1 sum
suspect cell,RA13,14,az,50,"3,51 - 4,00",fails both block sum and Tav. 1 sum
suspect cell,RA13,34,az,50,oltre 2.500,fails both block sum and Tav. 1 sum
suspect cell,RA13,5,az,50,"0,31 - 0,40",fails both block sum and Tav. 1 sum
suspect cell,RA13,27,az,50,"75,01 - 100,00",fails both block sum and Tav. 1 sum
suspect cell,RA13,25,az,50,"40,01 - 50,00",fails both block sum and Tav. 1 sum
suspect cell,RA13,28,az,50,"100,01 - 150,00",fails both block sum and Tav. 1 sum
suspect cell,RA13,16,az,50,"4,51 - 5,00",fails both block sum and Tav. 1 sum
suspect cell,RA13,7,az,50,"0,51 - 0,75",fails both block sum and Tav. 1 sum
suspect cell,RA13,18,az,50,"7,51 - 10,00",fails both block sum and Tav. 1 sum
suspect cell,RA13,29,az,50,"150,01 - 200,00",fails both block sum and Tav. 1 sum
suspect cell,RA13,20,az,50,"12,51 - 15,00",fails both block sum and Tav. 1 sum
suspect cell,RA13,31,az,50,"250,01 - 500,00",fails both block sum and Tav. 1 sum
suspect cell,RA13,22,az,50,"20,01 - 25,00",fails both block sum and Tav. 1 sum
suspect cell,RA13,9,az,50,"1,01 - 1,50",fails both block sum and Tav. 1 sum
suspect cell,RA13,11,az,50,"2,01 - 2,50",fails both block sum and Tav. 1 sum
suspect cell,RA13,33,az,50,"1.000,01 - 2.500,00",fails both block sum and Tav. 1 sum
suspect cell,RA13,2,az,50,"fino a 0,10",fails both block sum and Tav. 1 sum
suspect cell,RA13,13,az,50,"3,01 - 3,50",fails both block sum and Tav. 1 sum
suspect cell,RA13,24,az,50,"30,01 - 40,00",fails both block sum and Tav. 1 sum
suspect cell,RA13,15,az,50,"4,01 - 4,50",fails both block sum and Tav. 1 sum
suspect cell,RA13,26,az,50,"50,01 - 75,00",fails both block sum and Tav. 1 sum
suspect cell,RA13,6,az,50,"0,41 - 0,50",fails both block sum and Tav. 1 sum
suspect cell,RA13,4,az,50,"0,21 - 0,30",fails both block sum and Tav. 1 sum
suspect cell,RA13,17,az,50,"5,01 - 7,50",fails both block sum and Tav. 1 sum
suspect cell,RA08,3,sup,47,"0,11 - 0,20",fails both block sum and Tav. 1 sum
suspect cell,RA08,14,sup,47,"3,51 - 4,00",fails both block sum and Tav. 1 sum
suspect cell,RA08,5,sup,47,"0,31 - 0,40",fails both block sum and Tav. 1 sum
suspect cell,RA08,27,sup,47,"75,01 - 100,00",fails both block sum and Tav. 1 sum
suspect cell,RA08,25,sup,47,"40,01 - 50,00",fails both block sum and Tav. 1 sum
suspect cell,RA08,16,sup,47,"4,51 - 5,00",fails both block sum and Tav. 1 sum
suspect cell,RA08,7,sup,47,"0,51 - 0,75",fails both block sum and Tav. 1 sum
suspect cell,RA08,18,sup,47,"7,51 - 10,00",fails both block sum and Tav. 1 sum
suspect cell,RA08,29,sup,47,"150,01 - 200,00",fails both block sum and Tav. 1 sum
suspect cell,RA08,20,sup,47,"12,51 - 15,00",fails both block sum and Tav. 1 sum
suspect cell,RA08,31,sup,47,"250,01 - 500,00",fails both block sum and Tav. 1 sum
suspect cell,RA08,22,sup,47,"20,01 - 25,00",fails both block sum and Tav. 1 sum
suspect cell,RA08,9,sup,47,"1,01 - 1,50",fails both block sum and Tav. 1 sum
suspect cell,RA08,23,sup,47,"25,01 - 30,00",fails both block sum and Tav. 1 sum
suspect cell,RA08,11,sup,47,"2,01 - 2,50",fails both block sum and Tav. 1 sum
suspect cell,RA08,33,sup,47,"1.000,01 - 2.500,00",fails both block sum and Tav. 1 sum
suspect cell,RA08,2,sup,47,"fino a 0,10",fails both block sum and Tav. 1 sum
suspect cell,RA08,13,sup,47,"3,01 - 3,50",fails both block sum and Tav. 1 sum
suspect cell,RA08,24,sup,47,"30,01 - 40,00",fails both block sum and Tav. 1 sum
suspect cell,RA08,15,sup,47,"4,01 - 4,50",fails both block sum and Tav. 1 sum
suspect cell,RA08,26,sup,47,"50,01 - 75,00",fails both block sum and Tav. 1 sum
suspect cell,RA08,6,sup,47,"0,41 - 0,50",fails both block sum and Tav. 1 sum
suspect cell,RA08,4,sup,47,"0,21 - 0,30",fails both block sum and Tav. 1 sum
suspect cell,RA08,17,sup,47,"5,01 - 7,50",fails both block sum and Tav. 1 sum
suspect cell,RA08,28,sup,47,"100,01 - 150,00",fails both block sum and Tav. 1 sum
suspect cell,RA08,8,sup,47,"0,76 - 1,00",fails both block sum and Tav. 1 sum
suspect cell,RA08,19,sup,47,"10,01 - 12,50",fails both block sum and Tav. 1 sum
suspect cell,RA08,30,sup,47,"200,01 - 250,00",fails both block sum and Tav. 1 sum
suspect cell,RA08,10,sup,47,"1,51 - 2,00",fails both block sum and Tav. 1 sum
suspect cell,RA08,32,sup,47,"500,01 - 1.000,00",fails both block sum and Tav. 1 sum
suspect cell,RA08,21,sup,47,"15,01 - 20,00",fails both block sum and Tav. 1 sum
suspect cell,RA08,12,sup,47,"2,51 - 3,00",fails both block sum and Tav. 1 sum
suspect cell,RA08,34,sup,47,oltre 2.500,fails both block sum and Tav. 1 sum
suspect cell,RA12,3,sup,49,"0,11 - 0,20",fails both block sum and Tav. 1 sum
suspect cell,RA12,14,sup,49,"3,51 - 4,00",fails both block sum and Tav. 1 sum
suspect cell,RA12,5,sup,49,"0,31 - 0,40",fails both block sum and Tav. 1 sum
suspect cell,RA12,27,sup,49,"75,01 - 100,00",fails both block sum and Tav. 1 sum
suspect cell,RA12,25,sup,49,"40,01 - 50,00",fails both block sum and Tav. 1 sum
suspect cell,RA12,16,sup,49,"4,51 - 5,00",fails both block sum and Tav. 1 sum
suspect cell,RA12,7,sup,49,"0,51 - 0,75",fails both block sum and Tav. 1 sum
suspect cell,RA12,18,sup,49,"7,51 - 10,00",fails both block sum and Tav. 1 sum
suspect cell,RA12,29,sup,49,"150,01 - 200,00",fails both block sum and Tav. 1 sum
suspect cell,RA12,20,sup,49,"12,51 - 15,00",fails both block sum and Tav. 1 sum
suspect cell,RA12,31,sup,49,"250,01 - 500,00",fails both block sum and Tav. 1 sum
suspect cell,RA12,22,sup,49,"20,01 - 25,00",fails both block sum and Tav. 1 sum
suspect cell,RA12,9,sup,49,"1,01 - 1,50",fails both block sum and Tav. 1 sum
suspect cell,RA12,23,sup,49,"25,01 - 30,00",fails both block sum and Tav. 1 sum
suspect cell,RA12,11,sup,49,"2,01 - 2,50",fails both block sum and Tav. 1 sum
suspect cell,RA12,33,sup,49,"1.000,01 - 2.500,00",fails both block sum and Tav. 1 sum
suspect cell,RA12,2,sup,49,"fino a 0,10",fails both block sum and Tav. 1 sum
suspect cell,RA12,13,sup,49,"3,01 - 3,50",fails both block sum and Tav. 1 sum
suspect cell,RA12,24,sup,49,"30,01 - 40,00",fails both block sum and Tav. 1 sum
suspect cell,RA12,15,sup,49,"4,01 - 4,50",fails both block sum and Tav. 1 sum
suspect cell,RA12,26,sup,49,"50,01 - 75,00",fails both block sum and Tav. 1 sum
suspect cell,RA12,6,sup,49,"0,41 - 0,50",fails both block sum and Tav. 1 sum
suspect cell,RA12,4,sup,49,"0,21 - 0,30",fails both block sum and Tav. 1 sum
suspect cell,RA12,17,sup,49,"5,01 - 7,50",fails both block sum and Tav. 1 sum
suspect cell,RA12,28,sup,49,"100,01 - 150,00",fails both block sum and Tav. 1 sum
suspect cell,RA12,8,sup,49,"0,76 - 1,00",fails both block sum and Tav. 1 sum
suspect cell,RA12,19,sup,49,"10,01 - 12,50",fails both block sum and Tav. 1 sum
suspect cell,RA12,30,sup,49,"200,01 - 250,00",fails both block sum and Tav. 1 sum
suspect cell,RA12,10,sup,49,"1,51 - 2,00",fails both block sum and Tav. 1 sum
suspect cell,RA12,32,sup,49,"500,01 - 1.000,00",fails both block sum and Tav. 1 sum
suspect cell,RA12,21,sup,49,"15,01 - 20,00",fails both block sum and Tav. 1 sum
suspect cell,RA12,12,sup,49,"2,51 - 3,00",fails both block sum and Tav. 1 sum
suspect cell,RA12,34,sup,49,oltre 2.500,fails both block sum and Tav. 1 sum
